{
  "shopList": [
    {
      "activities": [
        {
          "description": "新用户下单立减20.0元",
          "icon_color": "70bc46",
          "icon_name": "新",
          "id": 16049174,
          "name": "新用户立减(不与其他活动共享)",
          "tips": "新用户下单立减20.0元"
        }
      ],
      "address": "寿宁路20-24号(近西藏南路)",
      "delivery_mode": {
        "color": "57A9FF",
        "id": 1,
        "is_solid": true,
        "text": "蜂鸟专送"
      },
      "description": "",
      "distance": 1125,
      "float_delivery_fee": 12,
      "float_minimum_order_amount": 0,
      "id": 1862826,
      "image_path": "9418799ddf713f6521a9ba7695af1a9djpeg",
      "is_new": false,
      "is_premium": false,
      "latitude": 31.224263,
      "longitude": 121.482069,
      "max_applied_quantity_per_order": -1,
      "name": "上海第一家香吧岛龙虾(寿宁路总店）",
      "next_business_time": "",
      "only_use_poi": false,
      "opening_hours": [
        "11:00/24:00"
      ],
      "order_lead_time": 0,
      "phone": "021-63264431",
      "piecewise_agent_fee":  {
        "description": "订单满100配送费3元，20至100付8元，不满20付12元",
        "extra_fee": 3,
        "is_extra": true,
        "rules": [
          {
            "fee": 12,
            "price": 0
          },
          {
            "fee": 8,
            "price": 20
          },
          {
            "fee": 3,
            "price": 100
          }
        ],
        "tips": "配送费约¥8"
      },
      "promotion_info": "",
      "rating": 4,
      "rating_count": 0,
      "recent_order_num": 0,
      "recommend": {
        "track": "{\"rankType\":\"4\"}"
      },
      "regular_customer_count": 0,
      "status": 1,
      "supports": [
        {
          "description": "已加入“外卖保”计划，食品安全有保障",
          "icon_color": "999999",
          "icon_name": "保",
          "id": 7,
          "name": "外卖保"
        },
        {
          "description": "准时必达，超时秒赔",
          "icon_color": "57A9FF",
          "icon_name": "准",
          "id": 9,
          "name": "准时达"
        }
      ]
    },
    {
      "activities": [
        {
          "description": "新用户下单立减20.0元",
          "icon_color": "70bc46",
          "icon_name": "新",
          "id": 19270949,
          "name": "新用户立减(不与其他活动共享)",
          "tips": "新用户下单立减20.0元"
        },
        {
          "attribute": "{\"60\": {\"1\": 35, \"0\": 0}, \"30\": {\"1\": 16, \"0\": 0}}",
          "description": "满30减16，满60减35(不与美食活动同享)",
          "icon_color": "f07373",
          "icon_name": "减",
          "id": 19575730,
          "is_exclusive_with_food_activity": true,
          "name": "满减优惠",
          "tips": "满30减16，满60减35(不与美食活动同享)",
          "type": 102
        },
        {
          "description": "天天特价",
          "icon_color": "f1884f",
          "icon_name": "特",
          "id": 19503722,
          "name": "(不与其它活动同享)天天特价",
          "tips": "(不与其它活动同享)天天特价"
        },
        {
          "description": "天天特价",
          "icon_color": "f1884f",
          "icon_name": "特",
          "id": 19150049,
          "name": "(不与其它活动同享)天天特价",
          "tips": "(不与其它活动同享)天天特价"
        }
      ],
      "address": "上海市黄浦区河南中路221号",
      "average_cost": "¥23/人",
      "description": "11",
      "distance": 976,
      "float_delivery_fee": 5,
      "float_minimum_order_amount": 25,
      "id": 320832,
      "image_path": "8326f62ff368e61682832506f4e15d78jpeg",
      "is_new": false,
      "is_premium": true,
      "latitude": 31.234468,
      "longitude": 121.485603,
      "max_applied_quantity_per_order": -1,
      "name": "芝根芝底（河南中路店）",
      "next_business_time": "",
      "only_use_poi": false,
      "opening_hours": [
        "09:30/23:30"
      ],
      "order_lead_time": 40,
      "phone": "63139505",
      "piecewise_agent_fee": {
        "description": "配送费¥5",
        "extra_fee": 0,
        "is_extra": false,
        "rules": [
          {
            "fee": 5,
            "price": 25
          }
        ],
        "tips": "配送费¥5"
      },
      "promotion_info": "       纯手工制做现烤比萨，拒绝半成品加工，从揉面、醒发、整边到烘烤，全部当天手工制做，保证比萨用料的新鲜度！带给您不一样的美味！\n\n        各式经典小食、意大利面、汉堡、烤肉卷、鲜榨果汁、饮料、奶茶，款款美食期待您的光临！",
      "rating": 4.6,
      "rating_count": 779,
      "recent_order_num": 2719,
      "regular_customer_count": 0,
      "status": 1,
      "supports": [
        {
          "description": "该商家支持开发票，开票订单金额50.0元起，请在下单时填写好发票抬头",
          "icon_color": "999999",
          "icon_name": "票",
          "id": 4,
          "name": "开发票"
        }
      ]
    },
    {
      "activities": [
        {
          "description": "新用户下单立减20.0元",
          "icon_color": "70bc46",
          "icon_name": "新",
          "id": 18842726,
          "name": "新用户立减(不与其他活动共享)",
          "tips": "新用户下单立减20.0元"
        },
        {
          "attribute": "{\"25\": {\"1\": 12, \"0\": 0}, \"50\": {\"1\": 17, \"0\": 0}, \"75\": {\"1\": 22, \"0\": 0}}",
          "description": "满25减12，满50减17，满75减22(不与美食活动同享)",
          "icon_color": "f07373",
          "icon_name": "减",
          "id": 19534618,
          "is_exclusive_with_food_activity": true,
          "name": "满减优惠",
          "tips": "满25减12，满50减17，满75减22(不与美食活动同享)",
          "type": 102
        },
        {
          "description": "新年折扣回馈",
          "icon_color": "f07373",
          "icon_name": "折",
          "id": 19615354,
          "name": "(不与其它活动同享)新年折扣回馈",
          "tips": "(不与其它活动同享)新年折扣回馈"
        },
        {
          "description": "1元抢购",
          "icon_color": "f1884f",
          "icon_name": "特",
          "id": 19554352,
          "name": "(不与其它活动同享)1元抢购",
          "tips": "(不与其它活动同享)1元抢购"
        }
      ],
      "address": "上海市虹口区南浔路148号",
      "average_cost": "¥20/人",
      "delivery_mode": {
        "color": "57A9FF",
        "id": 1,
        "is_solid": true,
        "text": "蜂鸟专送"
      },
      "description": "",
      "distance": 2305,
      "float_delivery_fee": 13,
      "float_minimum_order_amount": 0,
      "id": 1274639,
      "image_path": "22804e7f3c47bfe4af04d0c6fe517891png",
      "is_new": false,
      "is_premium": false,
      "latitude": 31.247068,
      "longitude": 121.493026,
      "max_applied_quantity_per_order": -1,
      "name": "福建沙县小吃",
      "next_business_time": "",
      "only_use_poi": false,
      "opening_hours": [
        "10:00/01:00"
      ],
      "order_lead_time": 41,
      "phone": "18717701252",
      "piecewise_agent_fee": {
        "description": "订单满100配送费4元，20至100付9元，不满20付13元",
        "extra_fee": 4,
        "is_extra": true,
        "rules": [
          {
            "fee": 13,
            "price": 0
          },
          {
            "fee": 9,
            "price": 20
          },
          {
            "fee": 4,
            "price": 100
          }
        ],
        "tips": "配送费约¥9"
      },
      "promotion_info": "",
      "rating": 4.3,
      "rating_count": 469,
      "recent_order_num": 2436,
      "regular_customer_count": 0,
      "status": 1,
      "supports": [
        {
          "description": "已加入“外卖保”计划，食品安全有保障",
          "icon_color": "999999",
          "icon_name": "保",
          "id": 7,
          "name": "外卖保"
        },
        {
          "description": "准时必达，超时秒赔",
          "icon_color": "57A9FF",
          "icon_name": "准",
          "id": 9,
          "name": "准时达"
        }
      ]
    },
    {
      "activities": [
        {
          "description": "新用户下单立减26.0元",
          "icon_color": "70bc46",
          "icon_name": "新",
          "id": 19679557,
          "name": "新用户立减(不与其他活动共享)",
          "tips": "新用户下单立减26.0元"
        },
        {
          "attribute": "{\"25\": {\"1\": 15, \"0\": 0}, \"60\": {\"1\": 30, \"0\": 0}, \"100\": {\"1\": 45, \"0\": 0}}",
          "description": "满25减15，满60减30，满100减45(不与美食活动同享)",
          "icon_color": "f07373",
          "icon_name": "减",
          "id": 18721270,
          "is_exclusive_with_food_activity": true,
          "name": "满减优惠",
          "tips": "满25减15，满60减30，满100减45(不与美食活动同享)",
          "type": 102
        }
      ],
      "address": "上海市静安区成都北路135号底层",
      "average_cost": "¥24/人",
      "description": "特色靓粥，各种口味，任意搭配。时尚、休闲和亲和力十足的价格已经成为了珍粥道特有的招牌",
      "distance": 1082,
      "float_delivery_fee": 5,
      "float_minimum_order_amount": 30,
      "id": 15511,
      "image_path": "27a47a18f79a3be8dc4308283b947aacjpeg",
      "is_new": false,
      "is_premium": false,
      "latitude": 31.2262323533724,
      "longitude": 121.467028472023,
      "max_applied_quantity_per_order": -1,
      "name": "蜀都冒菜",
      "next_business_time": "",
      "only_use_poi": false,
      "opening_hours": [
        "09:00/00:30"
      ],
      "order_lead_time": 46,
      "phone": "15921655868 33051055",
      "piecewise_agent_fee": {
        "description": "配送费¥5",
        "extra_fee": 0,
        "is_extra": false,
        "rules": [
          {
            "fee": 5,
            "price": 30
          }
        ],
        "tips": "配送费¥5"
      },
      "promotion_info": "1、本店推荐“饿了么”网上订餐！饭口较忙，电话经常占线，建议您通过“饿了么”网上下单，本店优先配送网络订单！2、首次订餐用户，“饿了么”客服会电话联系您确认订单（021区号），订餐后请确保您的手机通畅及铃声状态，以方便外送员能及时联系到您！3、美食制作及配送均需要时间，为了不影响您的及时用餐，请大家提前一小时预订，避开订餐高峰期！“饿了么”全国客服电话：10105757",
      "rating": 4.4,
      "rating_count": 1143,
      "recent_order_num": 3617,
      "regular_customer_count": 0,
      "status": 1,
      "supports": []
    },
    {
      "activities": [
        {
          "description": "新用户下单立减20.0元",
          "icon_color": "70bc46",
          "icon_name": "新",
          "id": 18871572,
          "name": "新用户立减(不与其他活动共享)",
          "tips": "新用户下单立减20.0元"
        },
        {
          "attribute": "{\"48\": {\"1\": 12, \"0\": 0}, \"20\": {\"1\": 7, \"0\": 0}}",
          "description": "满20减7，满48减12(不与美食活动同享)",
          "icon_color": "f07373",
          "icon_name": "减",
          "id": 19044641,
          "is_exclusive_with_food_activity": true,
          "name": "满减优惠",
          "tips": "满20减7，满48减12(不与美食活动同享)",
          "type": 102
        }
      ],
      "address": "上海市长宁区延安西路1590号",
      "average_cost": "¥26/人",
      "bidding": "{\"index\":4,\"target\":{\"restaurantId\":2208739,\"weight\":400,\"probability\":17.031808853149414},\"come_from\":1,\"next\":{\"restaurantId\":92979,\"weight\":350,\"probability\":18.074642181396484}}",
      "description": "",
      "distance": 2811,
      "float_delivery_fee": 10,
      "float_minimum_order_amount": 0,
      "id": 2208739,
      "image_path": "6552d1eb40137a7647cc0a4198f2a065jpeg",
      "is_new": true,
      "is_premium": false,
      "latitude": 31.208658,
      "longitude": 121.484649,
      "max_applied_quantity_per_order": -1,
      "name": "叫了个炸鸡(西藏南路店)",
      "next_business_time": "",
      "only_use_poi": false,
      "opening_hours": [
        "10:00/01:00"
      ],
      "order_lead_time": 30,
      "phone": "15902150053",
      "piecewise_agent_fee": {
        "description": "配送费¥10",
        "extra_fee": 0,
        "is_extra": false,
        "rules": [
          {
            "fee": 10,
            "price": 0
          }
        ],
        "tips": "配送费¥10"
      },
      "promotion_info": "",
      "rating": 4.6,
      "rating_count": 226,
      "recent_order_num": 1282,
      "recommend": {
        "reason": "广告",
        "track": "{\"rankType\":\"8\"}"
      },
      "regular_customer_count": 0,
      "status": 1,
      "supports": []
    },
    {
      "activities": [
        {
          "description": "新用户下单立减30.0元",
          "icon_color": "70bc46",
          "icon_name": "新",
          "id": 19324905,
          "name": "新用户立减(不与其他活动共享)",
          "tips": "新用户下单立减30.0元"
        },
        {
          "attribute": "{\"65\": {\"1\": 18, \"0\": 0}, \"100\": {\"1\": 20, \"0\": 0}, \"30\": {\"1\": 17, \"0\": 0}}",
          "description": "满30减17，满65减18，满100减20(不与美食活动同享)",
          "icon_color": "f07373",
          "icon_name": "减",
          "id": 18968474,
          "is_exclusive_with_food_activity": true,
          "name": "满减优惠",
          "tips": "满30减17，满65减18，满100减20(不与美食活动同享)",
          "type": 102
        },
        {
          "description": "年终大放送",
          "icon_color": "f1884f",
          "icon_name": "特",
          "id": 18200974,
          "name": "(不与其它活动同享)年终大放送",
          "tips": "(不与其它活动同享)年终大放送"
        },
        {
          "description": "暖冬大回馈",
          "icon_color": "f07373",
          "icon_name": "特",
          "id": 18200522,
          "name": "(不与其它活动同享)暖冬大回馈",
          "tips": "(不与其它活动同享)暖冬大回馈"
        }
      ],
      "address": "崇明县长兴镇丰福路599弄181号108室",
      "average_cost": "¥24/人",
      "description": "",
      "distance": 441,
      "float_delivery_fee": 8,
      "float_minimum_order_amount": 15,
      "id": 1777361,
      "image_path": "02cb4211d5dca701cf349ea842a49165jpeg",
      "is_new": false,
      "is_premium": false,
      "latitude": 31.236682,
      "longitude": 121.475448,
      "max_applied_quantity_per_order": -1,
      "name": "老上海咸泡饭",
      "next_business_time": "",
      "only_use_poi": false,
      "opening_hours": [
        "00:00/24:00"
      ],
      "order_lead_time": 40,
      "phone": "15221523083",
      "piecewise_agent_fee": {
        "description": "配送费¥8",
        "extra_fee": 0,
        "is_extra": false,
        "rules": [
          {
            "fee": 8,
            "price": 15
          }
        ],
        "tips": "配送费¥8"
      },
      "promotion_info": "",
      "rating": 4.4,
      "rating_count": 596,
      "recent_order_num": 2455,
      "regular_customer_count": 0,
      "status": 1,
      "supports": []
    },
    {
      "activities": [
        {
          "description": "新用户下单立减20.0元",
          "icon_color": "70bc46",
          "icon_name": "新",
          "id": 18370606,
          "name": "新用户立减(不与其他活动共享)",
          "tips": "新用户下单立减20.0元"
        },
        {
          "attribute": "{\"50\": {\"1\": 12, \"0\": 0}, \"100\": {\"1\": 25, \"0\": 0}}",
          "description": "满50减12，满100减25(不与美食活动同享)",
          "icon_color": "f07373",
          "icon_name": "减",
          "id": 18599489,
          "is_exclusive_with_food_activity": true,
          "name": "满减优惠",
          "tips": "满50减12，满100减25(不与美食活动同享)",
          "type": 102
        }
      ],
      "address": "上海市静安区吴江路202号",
      "average_cost": "¥43/人",
      "delivery_mode": {
        "color": "57A9FF",
        "id": 1,
        "is_solid": true,
        "text": "蜂鸟专送"
      },
      "description": "",
      "distance": 1526,
      "float_delivery_fee": 12,
      "float_minimum_order_amount": 0,
      "id": 1942944,
      "image_path": "c5c617f3bddeee320e380ef25203e37dpng",
      "is_new": false,
      "is_premium": false,
      "latitude": 31.22956,
      "longitude": 121.45991,
      "max_applied_quantity_per_order": -1,
      "name": "西北郎烧烤（吴江路店）",
      "next_business_time": "",
      "only_use_poi": false,
      "opening_hours": [
        "12:00/01:20"
      ],
      "order_lead_time": 41,
      "phone": "13162756977",
      "piecewise_agent_fee": {
        "description": "订单满100配送费3元，20至100付8元，不满20付12元",
        "extra_fee": 3,
        "is_extra": true,
        "rules": [
          {
            "fee": 12,
            "price": 0
          },
          {
            "fee": 8,
            "price": 20
          },
          {
            "fee": 3,
            "price": 100
          }
        ],
        "tips": "配送费约¥8"
      },
      "promotion_info": "",
      "rating": 4.4,
      "rating_count": 285,
      "recent_order_num": 728,
      "regular_customer_count": 0,
      "status": 1,
      "supports": [
        {
          "description": "已加入“外卖保”计划，食品安全有保障",
          "icon_color": "999999",
          "icon_name": "保",
          "id": 7,
          "name": "外卖保"
        },
        {
          "description": "准时必达，超时秒赔",
          "icon_color": "57A9FF",
          "icon_name": "准",
          "id": 9,
          "name": "准时达"
        }
      ]
    },
    {
      "activities": [
        {
          "description": "新用户下单立减20.0元",
          "icon_color": "70bc46",
          "icon_name": "新",
          "id": 15905070,
          "name": "新用户立减(不与其他活动共享)",
          "tips": "新用户下单立减20.0元"
        },
        {
          "attribute": "{\"90\": {\"1\": 30, \"0\": 0}, \"60\": {\"1\": 20, \"0\": 0}, \"30\": {\"1\": 10, \"0\": 0}}",
          "description": "满30减10，满60减20，满90减30(不与美食活动同享)",
          "icon_color": "f07373",
          "icon_name": "减",
          "id": 18737100,
          "is_exclusive_with_food_activity": true,
          "name": "满减优惠",
          "tips": "满30减10，满60减20，满90减30(不与美食活动同享)",
          "type": 102
        }
      ],
      "address": "长乐路175号",
      "average_cost": "¥35/人",
      "description": "快来品尝正宗韩国炸鸡！！思密达！",
      "distance": 2320,
      "float_delivery_fee": 4,
      "float_minimum_order_amount": 25,
      "id": 1028933,
      "image_path": "c2fcffe3a116def6ebd32eab37db1009jpeg",
      "is_new": false,
      "is_premium": false,
      "latitude": 31.212175,
      "longitude": 121.479891,
      "max_applied_quantity_per_order": -1,
      "name": "doko.韩国炸鸡(新天地店)",
      "next_business_time": "",
      "only_use_poi": false,
      "opening_hours": [
        "11:00/02:00"
      ],
      "order_lead_time": 36,
      "phone": "13636354849",
      "piecewise_agent_fee": {
        "description": "配送费¥4",
        "extra_fee": 0,
        "is_extra": false,
        "rules": [
          {
            "fee": 4,
            "price": 25
          }
        ],
        "tips": "配送费¥4"
      },
      "promotion_info": "本店优先配送饿了么，下雨天路滑送餐较慢，请多多担待哈!如果您的美食凉了，或者口味不好，一定要第一时间和本店联系，做的不好地方我们一定会加油改进，我们保证以新鲜 、干净、卫生的美食温暖您的胃，如果您的送餐服务口味满意的话请给本店5星好评哦哦！！！",
      "rating": 4.7,
      "rating_count": 511,
      "recent_order_num": 2736,
      "regular_customer_count": 0,
      "status": 1,
      "supports": [
        {
          "description": "该商家支持开发票，开票订单金额300.0元起，请在下单时填写好发票抬头",
          "icon_color": "999999",
          "icon_name": "票",
          "id": 4,
          "name": "开发票"
        }
      ]
    },
    {
      "activities": [
        {
          "description": "新用户下单立减20.0元",
          "icon_color": "70bc46",
          "icon_name": "新",
          "id": 18842726,
          "name": "新用户立减(不与其他活动共享)",
          "tips": "新用户下单立减20.0元"
        },
        {
          "attribute": "{\"100\": {\"1\": 40, \"0\": 0}, \"62\": {\"1\": 32, \"0\": 0}, \"30\": {\"1\": 16, \"0\": 0}}",
          "description": "满30减16，满62减32，满100减40(不与美食活动同享)",
          "icon_color": "f07373",
          "icon_name": "减",
          "id": 18709662,
          "is_exclusive_with_food_activity": true,
          "name": "满减优惠",
          "tips": "满30减16，满62减32，满100减40(不与美食活动同享)",
          "type": 102
        },
        {
          "description": "新年折扣回馈",
          "icon_color": "f07373",
          "icon_name": "折",
          "id": 19615354,
          "name": "(不与其它活动同享)新年折扣回馈",
          "tips": "(不与其它活动同享)新年折扣回馈"
        }
      ],
      "address": "上海市虹口区海宁路139号",
      "average_cost": "¥25/人",
      "description": "本店位置海宁路139号。近吴淞路",
      "distance": 2599,
      "float_delivery_fee": 6,
      "float_minimum_order_amount": 45,
      "id": 1245502,
      "image_path": "2fec7bd61bfec0cda5c09d3db68d7ac7png",
      "is_new": false,
      "is_premium": false,
      "latitude": 31.252458,
      "longitude": 121.490175,
      "max_applied_quantity_per_order": -1,
      "name": "蜀地源冒菜",
      "next_business_time": "",
      "only_use_poi": false,
      "opening_hours": [
        "10:00/01:30"
      ],
      "order_lead_time": 37,
      "phone": "15921068996",
      "piecewise_agent_fee": {
        "description": "配送费¥6",
        "extra_fee": 0,
        "is_extra": false,
        "rules": [
          {
            "fee": 6,
            "price": 45
          }
        ],
        "tips": "配送费¥6"
      },
      "promotion_info": "亲们，本店位于虹口区海宁路139号，近吴淞路。欢迎新老顾客品尝，中午高峰期请提前1小时下单，每一份东西均为100克，有些100克的菜品煮起来感觉很少，我们量是给够的请大家放心和理解。。。。。。谢谢新老顾客顾客的长期支持。。。。。。店面电话15921068996欢迎来电",
      "rating": 4.6,
      "rating_count": 1357,
      "recent_order_num": 3246,
      "regular_customer_count": 0,
      "status": 1,
      "supports": []
    },
    {
      "activities": [
        {
          "description": "新用户下单立减20.0元",
          "icon_color": "70bc46",
          "icon_name": "新",
          "id": 15764965,
          "name": "新用户立减(不与其他活动共享)",
          "tips": "新用户下单立减20.0元"
        },
        {
          "attribute": "{\"80\": {\"1\": 10, \"0\": 0}, \"40\": {\"1\": 5, \"0\": 0}}",
          "description": "满40减5，满80减10(不与美食活动同享)",
          "icon_color": "f07373",
          "icon_name": "减",
          "id": 18960552,
          "is_exclusive_with_food_activity": true,
          "name": "满减优惠",
          "tips": "满40减5，满80减10(不与美食活动同享)",
          "type": 102
        }
      ],
      "address": "上海市闸北区共和新路480号",
      "average_cost": "¥30/人",
      "bidding": "{\"index\":9,\"target\":{\"restaurantId\":92979,\"weight\":350,\"probability\":18.074642181396484},\"come_from\":1,\"next\":{\"restaurantId\":611917,\"weight\":180,\"probability\":29.188251495361328}}",
      "description": "A梦餐廳Eamonn's 闸北(共新店)以时下最流行的创意菜为主线,食材新鲜，用料讲究，精心烹调，口味丰富，有特色砂锅系列套餐，干锅系列，烩饭，芝士烤饭，咖喱饭，蛋包饭，Friedrice，Pasta，小海鲜，精美小炒，特色家常菜为主，店面大气而典雅，300平米用餐环境，2个连体包房，80个餐位，经营业态：堂吃，外卖和外带，A梦已经打造出一套完整的外送体系，滿足不同另类要求，十年树木，百年树人，千年树品牌，以客為尊，全新打造上海本土品牌新纪元",
      "distance": 2406,
      "float_delivery_fee": 5,
      "float_minimum_order_amount": 35,
      "id": 92979,
      "image_path": "f617744b9b3576e343b0a8975bc99195png",
      "is_new": false,
      "is_premium": true,
      "latitude": 31.2516313276946,
      "longitude": 121.463252655069,
      "max_applied_quantity_per_order": -1,
      "name": "A梦Eamonns(共新店)",
      "next_business_time": "",
      "only_use_poi": false,
      "opening_hours": [
        "09:00/03:00"
      ],
      "order_lead_time": 56,
      "phone": "66075363 66078657 66075516",
      "piecewise_agent_fee": {
        "description": "配送费¥5",
        "extra_fee": 0,
        "is_extra": false,
        "rules": [
          {
            "fee": 5,
            "price": 35
          }
        ],
        "tips": "配送费¥5"
      },
      "promotion_info": "A梦餐廳Eamonn's 闸北(共新店)位于共和新路480号，晚市及夜宵堂吃爆款优惠活动，每桌满88元，即可享受7款1元超值特价，干锅牛蛙1元，西湖糖醋大黄鱼1元，椒盐龙头烤1元，清蒸鲈鱼1元，孜然小肥牛1元，蟹粉豆腐1元，红烧鳊鱼1元，本餐厅所有食物为下单后现做，热炒，新鲜食材，小锅菜，中午用餐的顾客请提前1个小时预定订单，谢谢！本餐厅外卖保温采用顶级pvc内胆隔源储温技术，保证热气腾腾的食物！！！本店客服电话 021-66075363, 021-66075516, 021-66078657",
      "rating": 4.7,
      "rating_count": 4785,
      "recent_order_num": 13673,
      "recommend": {
        "reason": "广告",
        "track": "{\"rankType\":\"8\"}"
      },
      "regular_customer_count": 0,
      "status": 1,
      "supports": [
        {
          "description": "该商家支持开发票，请在下单时填写好发票抬头",
          "icon_color": "999999",
          "icon_name": "票",
          "id": 4,
          "name": "开发票"
        }
      ]
    },
    {
      "activities": [
        {
          "description": "新用户下单立减30.0元",
          "icon_color": "70bc46",
          "icon_name": "新",
          "id": 19324905,
          "name": "新用户立减(不与其他活动共享)",
          "tips": "新用户下单立减30.0元"
        },
        {
          "attribute": "{\"100\": {\"1\": 30, \"0\": 0}, \"140\": {\"1\": 35, \"0\": 0}, \"60\": {\"1\": 25, \"0\": 0}, \"30\": {\"1\": 14, \"0\": 0}}",
          "description": "满30减14，满60减25，满100减30，满140减35(不与美食活动同享)",
          "icon_color": "f07373",
          "icon_name": "减",
          "id": 19398834,
          "is_exclusive_with_food_activity": true,
          "name": "满减优惠",
          "tips": "满30减14，满60减25，满100减30，满140减35(不与美食活动同享)",
          "type": 102
        },
        {
          "description": "抄手特价",
          "icon_color": "f07373",
          "icon_name": "特",
          "id": 19368040,
          "name": "(不与其它活动同享)抄手特价",
          "tips": "(不与其它活动同享)抄手特价"
        },
        {
          "description": "麻辣抄手",
          "icon_color": "f07373",
          "icon_name": "特",
          "id": 19368002,
          "name": "(不与其它活动同享)麻辣抄手",
          "tips": "(不与其它活动同享)麻辣抄手"
        },
        {
          "description": "新品推出",
          "icon_color": "f07373",
          "icon_name": "特",
          "id": 19365042,
          "name": "(不与其它活动同享)新品推出",
          "tips": "(不与其它活动同享)新品推出"
        }
      ],
      "address": "上海市黄浦区南京西路258号",
      "average_cost": "¥24/人",
      "delivery_mode": {
        "color": "57A9FF",
        "id": 1,
        "is_solid": true,
        "text": "蜂鸟专送"
      },
      "description": "饿了么全国客服热线  10105757  \n正宗重庆小面，重庆味道，调料和厨师均由重庆空运而来，欢迎品尝！所有浇头都是每天现烧，保证食材的新鲜。本店春节期间正常营业。感谢大家支持 ",
      "distance": 401,
      "float_delivery_fee": 12,
      "float_minimum_order_amount": 0,
      "id": 489812,
      "image_path": "67be3a98053015ece61e7d5b3afda8a2jpeg",
      "is_new": false,
      "is_premium": false,
      "latitude": 31.233667,
      "longitude": 121.471466,
      "max_applied_quantity_per_order": -1,
      "name": "辣家小面馆（重庆小面）",
      "next_business_time": "",
      "only_use_poi": false,
      "opening_hours": [
        "00:00/24:00"
      ],
      "order_lead_time": 37,
      "phone": "18521029088",
      "piecewise_agent_fee": {
        "description": "订单满100配送费3元，20至100付8元，不满20付12元",
        "extra_fee": 3,
        "is_extra": true,
        "rules": [
          {
            "fee": 12,
            "price": 0
          },
          {
            "fee": 8,
            "price": 20
          },
          {
            "fee": 3,
            "price": 100
          }
        ],
        "tips": "配送费约¥8"
      },
      "promotion_info": "各位小主，本店优先配送饿了么，遇到恶劣天气送餐较慢，请多多担待哈！如果您的美食凉了，或者口味不好，一定要第一时间和本店联系，做得不好的地方我们一定加油改进，在这个寒冷的冬季，我们一定努力温暖您的胃，如您对送餐服务口味满意请给我5分好评呦！u",
      "rating": 4.4,
      "rating_count": 770,
      "recent_order_num": 4269,
      "regular_customer_count": 0,
      "status": 1,
      "supports": [
        {
          "description": "已加入“外卖保”计划，食品安全有保障",
          "icon_color": "999999",
          "icon_name": "保",
          "id": 7,
          "name": "外卖保"
        },
        {
          "description": "该商家支持开发票，开票订单金额80.0元起，请在下单时填写好发票抬头",
          "icon_color": "999999",
          "icon_name": "票",
          "id": 4,
          "name": "开发票"
        },
        {
          "description": "准时必达，超时秒赔",
          "icon_color": "57A9FF",
          "icon_name": "准",
          "id": 9,
          "name": "准时达"
        }
      ]
    },
    {
      "activities": [
        {
          "description": "新用户下单立减20.0元",
          "icon_color": "70bc46",
          "icon_name": "新",
          "id": 16818382,
          "name": "新用户立减(不与其他活动共享)",
          "tips": "新用户下单立减20.0元"
        },
        {
          "attribute": "{\"25\": {\"1\": 11, \"0\": 0}, \"45\": {\"1\": 16, \"0\": 0}, \"70\": {\"1\": 25, \"0\": 0}}",
          "description": "满25减11，满45减16，满70减25(不与美食活动同享)",
          "icon_color": "f07373",
          "icon_name": "减",
          "id": 18194242,
          "is_exclusive_with_food_activity": true,
          "name": "满减优惠",
          "tips": "满25减11，满45减16，满70减25(不与美食活动同享)",
          "type": 102
        }
      ],
      "address": "上海市虹口区东大名路687-713号7幢2层",
      "average_cost": "¥19/人",
      "delivery_mode": {
        "color": "57A9FF",
        "id": 1,
        "is_solid": true,
        "text": "蜂鸟专送"
      },
      "description": "三米粥铺，只做温暖的味道......",
      "distance": 2141,
      "float_delivery_fee": 13,
      "float_minimum_order_amount": 0,
      "id": 1822568,
      "image_path": "a279a9db7301f9a58b14ccab24b74d31png",
      "is_new": false,
      "is_premium": false,
      "latitude": 31.24692,
      "longitude": 121.49073,
      "max_applied_quantity_per_order": -1,
      "name": "三米粥铺（峨眉路店）",
      "next_business_time": "",
      "only_use_poi": false,
      "opening_hours": [
        "06:40/24:00"
      ],
      "order_lead_time": 36,
      "phone": "15821077918",
      "piecewise_agent_fee": {
        "description": "订单满100配送费4元，20至100付9元，不满20付13元",
        "extra_fee": 4,
        "is_extra": true,
        "rules": [
          {
            "fee": 13,
            "price": 0
          },
          {
            "fee": 9,
            "price": 20
          },
          {
            "fee": 4,
            "price": 100
          }
        ],
        "tips": "配送费约¥9"
      },
      "promotion_info": "点外卖？还没想好吃什么吧！我只点三米粥铺，你不来试试？\n粥有五事利身！\n一者除饥，二者除口渴，三者下气，四者却脐下冷，五者消宿食\n——戒书",
      "rating": 4.3,
      "rating_count": 1243,
      "recent_order_num": 4113,
      "regular_customer_count": 0,
      "status": 1,
      "supports": [
        {
          "description": "已加入“外卖保”计划，食品安全有保障",
          "icon_color": "999999",
          "icon_name": "保",
          "id": 7,
          "name": "外卖保"
        },
        {
          "description": "该商家支持开发票，开票订单金额50.0元起，请在下单时填写好发票抬头",
          "icon_color": "999999",
          "icon_name": "票",
          "id": 4,
          "name": "开发票"
        },
        {
          "description": "准时必达，超时秒赔",
          "icon_color": "57A9FF",
          "icon_name": "准",
          "id": 9,
          "name": "准时达"
        }
      ]
    },
    {
      "activities": [
        {
          "description": "新用户下单立减20.0元",
          "icon_color": "70bc46",
          "icon_name": "新",
          "id": 17635860,
          "name": "新用户立减(不与其他活动共享)",
          "tips": "新用户下单立减20.0元"
        },
        {
          "attribute": "{\"50\": {\"1\": 10, \"0\": 0}, \"30\": {\"1\": 5, \"0\": 0}}",
          "description": "满30减5，满50减10(不与美食活动同享)",
          "icon_color": "f07373",
          "icon_name": "减",
          "id": 19001531,
          "is_exclusive_with_food_activity": true,
          "name": "满减优惠",
          "tips": "满30减5，满50减10(不与美食活动同享)",
          "type": 102
        }
      ],
      "address": "闸北区东宝兴路458弄42号",
      "average_cost": "¥30/人",
      "delivery_mode": {
        "color": "57A9FF",
        "id": 1,
        "is_solid": true,
        "text": "蜂鸟专送"
      },
      "description": "",
      "distance": 2959,
      "float_delivery_fee": 14,
      "float_minimum_order_amount": 0,
      "id": 2103641,
      "image_path": "c7281b6564926bfae951b28845d7dc4epng",
      "is_new": false,
      "is_premium": false,
      "latitude": 31.25917,
      "longitude": 121.478919,
      "max_applied_quantity_per_order": -1,
      "name": "桥头排骨",
      "next_business_time": "",
      "only_use_poi": false,
      "opening_hours": [
        "12:00/23:30"
      ],
      "order_lead_time": 40,
      "phone": "13661434542",
      "piecewise_agent_fee": {
        "description": "订单满100配送费5元，20至100付10元，不满20付14元",
        "extra_fee": 5,
        "is_extra": true,
        "rules": [
          {
            "fee": 14,
            "price": 0
          },
          {
            "fee": 10,
            "price": 20
          },
          {
            "fee": 5,
            "price": 100
          }
        ],
        "tips": "配送费约¥10"
      },
      "promotion_info": "本店食品，酥脆可口，油而不腻",
      "rating": 4.7,
      "rating_count": 152,
      "recent_order_num": 539,
      "regular_customer_count": 0,
      "status": 1,
      "supports": [
        {
          "description": "已加入“外卖保”计划，食品安全有保障",
          "icon_color": "999999",
          "icon_name": "保",
          "id": 7,
          "name": "外卖保"
        },
        {
          "description": "准时必达，超时秒赔",
          "icon_color": "57A9FF",
          "icon_name": "准",
          "id": 9,
          "name": "准时达"
        }
      ]
    },
    {
      "activities": [
        {
          "description": "新用户下单立减20.0元",
          "icon_color": "70bc46",
          "icon_name": "新",
          "id": 15902268,
          "name": "新用户立减(不与其他活动共享)",
          "tips": "新用户下单立减20.0元"
        },
        {
          "attribute": "{\"50\": {\"1\": 15, \"0\": 0}, \"100\": {\"1\": 30, \"0\": 0}}",
          "description": "满50减15，满100减30(不与美食活动同享)",
          "icon_color": "f07373",
          "icon_name": "减",
          "id": 18617213,
          "is_exclusive_with_food_activity": true,
          "name": "满减优惠",
          "tips": "满50减15，满100减30(不与美食活动同享)",
          "type": 102
        }
      ],
      "address": "静安区南京西路388号仙乐斯广场B1F",
      "average_cost": "¥43/人",
      "description": "`",
      "distance": 607,
      "float_delivery_fee": 9,
      "float_minimum_order_amount": 30,
      "id": 40901,
      "image_path": "fc677195775eb2ab0df6e931a8e7e703jpeg",
      "is_new": false,
      "is_premium": true,
      "latitude": 31.23138,
      "longitude": 121.469337,
      "max_applied_quantity_per_order": -1,
      "name": "红料理（仙乐斯店）",
      "next_business_time": "",
      "only_use_poi": false,
      "opening_hours": [
        "10:00/02:15"
      ],
      "order_lead_time": 65,
      "phone": "021-33051511",
      "piecewise_agent_fee": {
        "description": "配送费¥9",
        "extra_fee": 0,
        "is_extra": false,
        "rules": [
          {
            "fee": 9,
            "price": 30
          }
        ],
        "tips": "配送费¥9"
      },
      "promotion_info": "本店可以下预定订单哦~",
      "rating": 4.4,
      "rating_count": 634,
      "recent_order_num": 1081,
      "regular_customer_count": 0,
      "status": 1,
      "supports": []
    },
    {
      "activities": [
        {
          "description": "新用户下单立减30.0元",
          "icon_color": "70bc46",
          "icon_name": "新",
          "id": 19324905,
          "name": "新用户立减(不与其他活动共享)",
          "tips": "新用户下单立减30.0元"
        },
        {
          "attribute": "{\"50\": {\"1\": 15, \"0\": 0}, \"100\": {\"1\": 20, \"0\": 0}, \"30\": {\"1\": 10, \"0\": 0}}",
          "description": "满30减10，满50减15，满100减20(不与美食活动同享)",
          "icon_color": "f07373",
          "icon_name": "减",
          "id": 19010760,
          "is_exclusive_with_food_activity": true,
          "name": "满减优惠",
          "tips": "满30减10，满50减15，满100减20(不与美食活动同享)",
          "type": 102
        }
      ],
      "address": "黄浦区黄河路150号",
      "average_cost": "¥27/人",
      "bidding": "{\"index\":14,\"target\":{\"restaurantId\":611917,\"weight\":180,\"probability\":29.188251495361328},\"come_from\":1,\"next\":{\"restaurantId\":25624,\"weight\":270,\"probability\":15.39933967590332}}",
      "delivery_mode": {
        "color": "57A9FF",
        "id": 1,
        "is_solid": true,
        "text": "蜂鸟专送"
      },
      "description": "快来点来自韩国的炸鸡块.有不同的味道喔！甜辣、辣酱、大蒜、酱油还有蜂蜜芥末。\n   里面是加了咖喱、菠萝、大蒜、桂皮、生姜等二十多种食材精心熬制的秘密甜辣酱。",
      "distance": 578,
      "float_delivery_fee": 12,
      "float_minimum_order_amount": 0,
      "id": 611917,
      "image_path": "bf7cb97de0067cd367196e8c75761b00png",
      "is_new": false,
      "is_premium": false,
      "latitude": 31.235482,
      "longitude": 121.470385,
      "max_applied_quantity_per_order": -1,
      "name": "Holic(韩国火热炸鸡）",
      "next_business_time": "",
      "only_use_poi": false,
      "opening_hours": [
        "10:20/24:00"
      ],
      "order_lead_time": 36,
      "phone": "13122362348",
      "piecewise_agent_fee": {
        "description": "订单满100配送费3元，20至100付8元，不满20付12元",
        "extra_fee": 3,
        "is_extra": true,
        "rules": [
          {
            "fee": 12,
            "price": 0
          },
          {
            "fee": 8,
            "price": 20
          },
          {
            "fee": 3,
            "price": 100
          }
        ],
        "tips": "配送费约¥8"
      },
      "promotion_info": "欢迎您光临本店!!",
      "rating": 4.8,
      "rating_count": 354,
      "recent_order_num": 1513,
      "recommend": {
        "reason": "广告",
        "track": "{\"rankType\":\"8\"}"
      },
      "regular_customer_count": 0,
      "status": 1,
      "supports": [
        {
          "description": "已加入“外卖保”计划，食品安全有保障",
          "icon_color": "999999",
          "icon_name": "保",
          "id": 7,
          "name": "外卖保"
        },
        {
          "description": "准时必达，超时秒赔",
          "icon_color": "57A9FF",
          "icon_name": "准",
          "id": 9,
          "name": "准时达"
        }
      ]
    },
    {
      "activities": [
        {
          "description": "新用户下单立减20.0元",
          "icon_color": "70bc46",
          "icon_name": "新",
          "id": 18204133,
          "name": "新用户立减(不与其他活动共享)",
          "tips": "新用户下单立减20.0元"
        },
        {
          "attribute": "{\"25\": {\"1\": 12, \"0\": 0}, \"60\": {\"1\": 20, \"0\": 0}}",
          "description": "满25减12，满60减20(不与美食活动同享)",
          "icon_color": "f07373",
          "icon_name": "减",
          "id": 19328001,
          "is_exclusive_with_food_activity": true,
          "name": "满减优惠",
          "tips": "满25减12，满60减20(不与美食活动同享)",
          "type": 102
        },
        {
          "description": "新年特惠",
          "icon_color": "f1884f",
          "icon_name": "特",
          "id": 19470461,
          "name": "(不与其它活动同享)新年特惠",
          "tips": "(不与其它活动同享)新年特惠"
        }
      ],
      "address": "黄浦区中山南路1748号",
      "average_cost": "¥25/人",
      "description": "",
      "distance": 3596,
      "float_delivery_fee": 15,
      "float_minimum_order_amount": 20,
      "id": 2113495,
      "image_path": "2716bb6202e5ef2f2c4b51f115036c8cpng",
      "is_new": false,
      "is_premium": false,
      "latitude": 31.20404,
      "longitude": 121.49305,
      "max_applied_quantity_per_order": -1,
      "name": "嘉兴粽子（黄浦店）",
      "next_business_time": "",
      "only_use_poi": false,
      "opening_hours": [
        "00:00/24:00"
      ],
      "order_lead_time": 46,
      "phone": "13122182771",
      "piecewise_agent_fee": {
        "description": "配送费¥15",
        "extra_fee": 0,
        "is_extra": false,
        "rules": [
          {
            "fee": 15,
            "price": 20
          }
        ],
        "tips": "配送费¥15"
      },
      "promotion_info": "",
      "rating": 4.6,
      "rating_count": 271,
      "recent_order_num": 669,
      "regular_customer_count": 0,
      "status": 1,
      "supports": [
        {
          "description": "该商家支持开发票，开票订单金额100.0元起，请在下单时填写好发票抬头",
          "icon_color": "999999",
          "icon_name": "票",
          "id": 4,
          "name": "开发票"
        }
      ]
    },
    {
      "activities": [
        {
          "description": "新用户下单立减20.0元",
          "icon_color": "70bc46",
          "icon_name": "新",
          "id": 19081083,
          "name": "新用户立减(不与其他活动共享)",
          "tips": "新用户下单立减20.0元"
        },
        {
          "attribute": "{\"100\": {\"1\": 33, \"0\": 0}, \"60\": {\"1\": 21, \"0\": 0}, \"30\": {\"1\": 11, \"0\": 0}}",
          "description": "满30减11，满60减21，满100减33(不与美食活动同享)",
          "icon_color": "f07373",
          "icon_name": "减",
          "id": 19639826,
          "is_exclusive_with_food_activity": true,
          "name": "满减优惠",
          "tips": "满30减11，满60减21，满100减33(不与美食活动同享)",
          "type": 102
        }
      ],
      "address": "上海市黄浦区五里桥街道瞿溪路860号-2",
      "average_cost": "¥29/人",
      "description": "",
      "distance": 3641,
      "float_delivery_fee": 7,
      "float_minimum_order_amount": 55,
      "id": 1339278,
      "image_path": "bde2dc1448c33e4fa17202091d35c761png",
      "is_new": false,
      "is_premium": false,
      "latitude": 31.200192,
      "longitude": 121.480056,
      "max_applied_quantity_per_order": -1,
      "name": "韩式炸鸡啤酒",
      "next_business_time": "",
      "only_use_poi": false,
      "opening_hours": [
        "10:45/03:10"
      ],
      "order_lead_time": 40,
      "phone": "17321267232 18979333232",
      "piecewise_agent_fee": {
        "description": "配送费¥7",
        "extra_fee": 0,
        "is_extra": false,
        "rules": [
          {
            "fee": 7,
            "price": 55
          }
        ],
        "tips": "配送费¥7"
      },
      "promotion_info": "欢迎光临韩式炸鸡啤酒屋，用餐高峰期请提前下单，谢谢！",
      "rating": 4.6,
      "rating_count": 449,
      "recent_order_num": 2055,
      "regular_customer_count": 0,
      "status": 1,
      "supports": []
    },
    {
      "activities": [
        {
          "description": "新用户下单立减30.0元",
          "icon_color": "70bc46",
          "icon_name": "新",
          "id": 19324941,
          "name": "新用户立减(不与其他活动共享)",
          "tips": "新用户下单立减30.0元"
        },
        {
          "attribute": "{\"100\": {\"1\": 10, \"0\": 0}, \"60\": {\"1\": 8, \"0\": 0}, \"30\": {\"1\": 6, \"0\": 0}}",
          "description": "满30减6，满60减8，满100减10(不与美食活动同享)",
          "icon_color": "f07373",
          "icon_name": "减",
          "id": 18933224,
          "is_exclusive_with_food_activity": true,
          "name": "满减优惠",
          "tips": "满30减6，满60减8，满100减10(不与美食活动同享)",
          "type": 102
        }
      ],
      "address": "上海市黄浦区海口路17号",
      "average_cost": "¥30/人",
      "delivery_mode": {
        "color": "57A9FF",
        "id": 1,
        "is_solid": true,
        "text": "蜂鸟专送"
      },
      "description": "",
      "distance": 546,
      "float_delivery_fee": 12,
      "float_minimum_order_amount": 0,
      "id": 1186616,
      "image_path": "1cc8913f4cf90a9621cea1615a22b8afjpeg",
      "is_new": false,
      "is_premium": false,
      "latitude": 31.23138,
      "longitude": 121.481071,
      "max_applied_quantity_per_order": -1,
      "name": "彭浦第一炸（山东路店）",
      "next_business_time": "",
      "only_use_poi": false,
      "opening_hours": [
        "16:00/02:30"
      ],
      "order_lead_time": 35,
      "phone": "15618266978",
      "piecewise_agent_fee": {
        "description": "订单满100配送费3元，20至100付8元，不满20付12元",
        "extra_fee": 3,
        "is_extra": true,
        "rules": [
          {
            "fee": 12,
            "price": 0
          },
          {
            "fee": 8,
            "price": 20
          },
          {
            "fee": 3,
            "price": 100
          }
        ],
        "tips": "配送费约¥8"
      },
      "promotion_info": "",
      "rating": 4.6,
      "rating_count": 601,
      "recent_order_num": 1198,
      "regular_customer_count": 0,
      "status": 1,
      "supports": [
        {
          "description": "已加入“外卖保”计划，食品安全有保障",
          "icon_color": "999999",
          "icon_name": "保",
          "id": 7,
          "name": "外卖保"
        },
        {
          "description": "准时必达，超时秒赔",
          "icon_color": "57A9FF",
          "icon_name": "准",
          "id": 9,
          "name": "准时达"
        }
      ]
    },
    {
      "activities": [
        {
          "description": "新用户下单立减20.0元",
          "icon_color": "70bc46",
          "icon_name": "新",
          "id": 18895011,
          "name": "新用户立减(不与其他活动共享)",
          "tips": "新用户下单立减20.0元"
        },
        {
          "attribute": "{\"25\": {\"1\": 15, \"0\": 0}, \"50\": {\"1\": 20, \"0\": 0}, \"100\": {\"1\": 27, \"0\": 0}}",
          "description": "满25减15，满50减20，满100减27(不与美食活动同享)",
          "icon_color": "f07373",
          "icon_name": "减",
          "id": 18860303,
          "is_exclusive_with_food_activity": true,
          "name": "满减优惠",
          "tips": "满25减15，满50减20，满100减27(不与美食活动同享)",
          "type": 102
        }
      ],
      "address": "上海市虹口区溧阳路735号",
      "average_cost": "¥18/人",
      "delivery_mode": {
        "color": "57A9FF",
        "id": 1,
        "is_solid": true,
        "text": "蜂鸟专送"
      },
      "description": "……",
      "distance": 2221,
      "float_delivery_fee": 13,
      "float_minimum_order_amount": 0,
      "id": 546557,
      "image_path": "6bb0c8e1e6d92778671b0befef05be25jpeg",
      "is_new": false,
      "is_premium": false,
      "latitude": 31.25016,
      "longitude": 121.4869,
      "max_applied_quantity_per_order": -1,
      "name": "黄焖鸡米饭京味水饺",
      "next_business_time": "",
      "only_use_poi": false,
      "opening_hours": [
        "08:00/23:30"
      ],
      "order_lead_time": 39,
      "phone": "15921719607",
      "piecewise_agent_fee": {
        "description": "订单满100配送费4元，20至100付9元，不满20付13元",
        "extra_fee": 4,
        "is_extra": true,
        "rules": [
          {
            "fee": 13,
            "price": 0
          },
          {
            "fee": 9,
            "price": 20
          },
          {
            "fee": 4,
            "price": 100
          }
        ],
        "tips": "配送费约¥9"
      },
      "promotion_info": "各位小主，本店优先配送饿了么，遇到恶劣天气送餐较慢，请多多担待哈！如果您的美食凉了，或者口味不好，一定要第一时间和本店联系，做得不好的地方我们一定加油改进，在这个寒冷的冬季，我们一定努力温暖您的胃，如您对送餐服务口味满意请给我5分好评呦！！！饿了么网络订餐，汇集周边所有美食，水果、生鲜、烧烤、超市、美食快餐应有尽！美好生活，触手可得！！！",
      "rating": 4.5,
      "rating_count": 465,
      "recent_order_num": 2613,
      "regular_customer_count": 0,
      "status": 1,
      "supports": [
        {
          "description": "已加入“外卖保”计划，食品安全有保障",
          "icon_color": "999999",
          "icon_name": "保",
          "id": 7,
          "name": "外卖保"
        },
        {
          "description": "准时必达，超时秒赔",
          "icon_color": "57A9FF",
          "icon_name": "准",
          "id": 9,
          "name": "准时达"
        }
      ]
    },
    {
      "activities": [
        {
          "description": "新用户下单立减28.0元",
          "icon_color": "70bc46",
          "icon_name": "新",
          "id": 19081144,
          "name": "新用户立减(不与其他活动共享)",
          "tips": "新用户下单立减28.0元"
        },
        {
          "attribute": "{\"120\": {\"1\": 15, \"0\": 0}, \"60\": {\"1\": 10, \"0\": 0}, \"30\": {\"1\": 5, \"0\": 0}}",
          "description": "满30减5，满60减10，满120减15(不与美食活动同享)",
          "icon_color": "f07373",
          "icon_name": "减",
          "id": 18375696,
          "is_exclusive_with_food_activity": true,
          "name": "满减优惠",
          "tips": "满30减5，满60减10，满120减15(不与美食活动同享)",
          "type": 102
        }
      ],
      "address": "黄浦区打浦桥街道顺昌路517-519号",
      "average_cost": "¥44/人",
      "bidding": "{\"index\":19,\"target\":{\"restaurantId\":25624,\"weight\":270,\"probability\":15.39933967590332},\"come_from\":1,\"next\":{\"restaurantId\":1141943,\"weight\":310,\"probability\":11.485037803649902}}",
      "description": "各类炒菜， 夜宵，地方小吃，水饺，",
      "distance": 2298,
      "float_delivery_fee": 4,
      "float_minimum_order_amount": 40,
      "id": 25624,
      "image_path": "f4a2d0d25081dfcd0c79dd54e01a9f28jpeg",
      "is_new": false,
      "is_premium": false,
      "latitude": 31.212324,
      "longitude": 121.479564,
      "max_applied_quantity_per_order": -1,
      "name": "长顺来（家常小炒）",
      "next_business_time": "",
      "only_use_poi": false,
      "opening_hours": [
        "16:15/04:40"
      ],
      "order_lead_time": 44,
      "phone": "13816089210",
      "piecewise_agent_fee": {
        "description": "配送费¥4",
        "extra_fee": 0,
        "is_extra": false,
        "rules": [
          {
            "fee": 4,
            "price": 40
          }
        ],
        "tips": "配送费¥4"
      },
      "promotion_info": "本店所有菜都是现切，现烧，绝对新鲜可靠。忙的时候送的可能会慢点，请新老客户见谅，我们会尽量改善。要吃米饭的顾客请到主食类点，别忘了收藏本餐厅，谢谢！！，如有疑问请致电13816089210",
      "rating": 4.2,
      "rating_count": 364,
      "recent_order_num": 1589,
      "recommend": {
        "reason": "广告",
        "track": "{\"rankType\":\"8\"}"
      },
      "regular_customer_count": 0,
      "status": 1,
      "supports": []
    }
  ]
}
