{
  "add_detail": [
    {
      "name": "\u4e0a\u6d77\u9a6c\u620f\u57ce",
      "address": "\u4e0a\u6d77\u5e02\u9759\u5b89\u533a\u5171\u548c\u65b0\u8def2266\u53f7",
      "latitude": 31.27812,
      "longitude": 121.45154,
      "geohash": "wtw3gwn2600"
    },
    {
      "name": "\u4e0a\u6d77\u9a6c\u620f\u57ce[\u5730\u94c1\u7ad9] [\u5730\u94c1\u7ad9]",
      "address": "\u5730\u94c11\u53f7\u7ebf",
      "latitude": 31.27956,
      "longitude": 121.452043,
      "geohash": "wtw3gwq8tsx5"
    },
    {
      "name": "\u4e0a\u6d77\u9a6c\u620f\u57ce\u7ad92\u53f7\u53e3",
      "address": "\u4e0a\u6d77\u5e02\u9759\u5b89\u533a\u5e7f\u4e2d\u8def99\u5e7f\u4e2d\u7eff\u5730",
      "latitude": 31.27921,
      "longitude": 121.45291,
      "geohash": "wtw3gwpq9gm"
    },
    {
      "name": "hello key\u7cd5\u70b9(\u4e0a\u6d77\u9a6c\u620f\u57ce\u86cb\u7cd5\u5e97)",
      "address": "\u4e0a\u6d77\u5e02\u9759\u5b89\u533a\u5171\u548c\u65b0\u8def2418\u53f74-1\u53f7",
      "latitude": 31.27997,
      "longitude": 121.45155,
      "geohash": "wtw3gwq741p"
    },
    {
      "name": "\u4e0a\u6d77\u9a6c\u620f\u57ce\u73af\u5f62\u5927\u5267\u573a",
      "address": "\u4e0a\u6d77\u5e02\u9759\u5b89\u533a\u5171\u548c\u65b0\u8def2266\u53f7",
      "latitude": 31.27815,
      "longitude": 121.45158,
      "geohash": "wtw3gwn26vv"
    },
    {
      "name": "\u4e2d\u56fd\u5de5\u5546\u94f6\u884c(\u9a6c\u620f\u57ce\u652f\u884c)",
      "address": "\u4e0a\u6d77\u5e02\u9759\u5b89\u533a\u5171\u548c\u65b0\u8def2411",
      "latitude": 31.28016,
      "longitude": 121.45281,
      "geohash": "wtw3gwrhps6"
    },
    {
      "name": "\u6e29\u97f5\u7434\u884c(\u4e0a\u6d77\u9a6c\u620f\u57ce\u5e97)",
      "address": "\u4e0a\u6d77\u5e02\u9759\u5b89\u533a\u5e7f\u5ef6\u8def580\u53f7",
      "latitude": 31.28101,
      "longitude": 121.45484,
      "geohash": "wtw3gy89nfu"
    },
    {
      "name": "\u5168\u5bb6(\u4e0a\u6d77\u9a6c\u620f\u57ce\u5e97)",
      "address": "\u4e0a\u6d77\u5e02\u9759\u5b89\u533a\u8f68\u9053\u4ea4\u901a\u4e00\u53f7\u7ebf\u4e0a\u6d77\u9a6c\u620f\u57ce\u7ad91-103",
      "latitude": 31.27921,
      "longitude": 121.45291,
      "geohash": "wtw3gwpq9gm"
    },
    {
      "name": "\u4e0a\u6d77\u9a6c\u620f\u57ce\u7ad94\u53f7\u53e3",
      "address": "\u4e0a\u6d77\u5e02\u9759\u5b89\u533a\u5171\u548c\u65b0\u8def2480",
      "latitude": 31.28046,
      "longitude": 121.45161,
      "geohash": "wtw3gwqmgsk"
    },
    {
      "name": "\u4e2d\u56fd\u519c\u4e1a\u94f6\u884c24\u5c0f\u65f6\u81ea\u52a9\u94f6\u884c(\u4e0a\u6d77\u9a6c\u620f\u57ce\u652f\u884c)",
      "address": "\u4e0a\u6d77\u5e02\u9759\u5b89\u533a\u5e7f\u4e2d\u8def977\u53f7(\u8fd1\u5171\u548c\u65b0\u8def,\u5730\u94c11\u53f7\u7ebf\u9a6c\u620f\u57ce\u7ad9)",
      "latitude": 31.2798,
      "longitude": 121.45316,
      "geohash": "wtw3gwr6p9r"
    },
    {
      "name": "\u798f\u7f8e\u6765\u4e0d\u52a8\u4ea7(\u9a6c\u620f\u57ce\u5e97)",
      "address": "\u4e0a\u6d77\u5e02\u9759\u5b89\u533a\u5171\u548c\u65b0\u8def2508",
      "latitude": 31.28137,
      "longitude": 121.45138,
      "geohash": "wtw3gww5nq0"
    },
    {
      "name": "NICE TO MEAT U\u9996\u5c14\u70ad\u706b\u70e4\u8089(\u4e0a\u6d77\u9a6c\u620f\u57ce\u5e97)",
      "address": "\u4e0a\u6d77\u5e02\u9759\u5b89\u533a\u5171\u548c\u65b0\u8def2524\u53f7(\u4e0a\u6d77\u9a6c\u620f\u57ce\u5730\u94c1\u7ad94\u53f7\u53e3\u76f4\u884c100\u7c73)",
      "latitude": 31.28177,
      "longitude": 121.45139,
      "geohash": "wtw3gwwjw88"
    },
    {
      "name": "\u5929\u60a6\u821e\u8e48(\u9a6c\u620f\u57ce\u5e97)",
      "address": "\u4e0a\u6d77\u5e02\u9759\u5b89\u533a\u5171\u548c\u65b0\u8def2623\u53f7\u4f01\u8054\u5927\u53a62\u53f7\u697c3\u697c",
      "latitude": 31.28243,
      "longitude": 121.4523,
      "geohash": "wtw3gwyc7ew"
    },
    {
      "name": "\u4e0a\u6d77\u9a6c\u620f\u57ce\u552e\u7968\u5904",
      "address": "\u4e0a\u6d77\u5e02\u9759\u5b89\u533a\u5171\u548c\u65b0\u8def2440\u53f7",
      "latitude": 31.27866,
      "longitude": 121.45148,
      "geohash": "wtw3gwn72sg"
    },
    {
      "name": "\u5982\u5bb6\u5feb\u6377\u9152\u5e97(\u4e0a\u6d77\u5927\u5b81\u56fd\u9645\u5e7f\u4e2d\u8def\u9a6c\u620f\u57ce\u5e97)",
      "address": "\u4e0a\u6d77\u5e02\u9759\u5b89\u533a\u5e7f\u4e2d\u8def809\u53f7(\u539f\u4e0a\u6d77\u9a6c\u620f\u57ce\u5e97)(\u8fd1\u5e7f\u5ef6\u8def)",
      "latitude": 31.28009,
      "longitude": 121.45674,
      "geohash": "wtw3gy65epm"
    },
    {
      "name": "\u4e2d\u56fd\u90ae\u653f\u50a8\u84c4\u94f6\u884c(\u9759\u5b89\u533a\u9a6c\u620f\u57ce\u652f\u884c)",
      "address": "\u4e0a\u6d77\u5e02\u9759\u5b89\u533a\u5e7f\u4e2d\u8def945\u53f7",
      "latitude": 31.27984,
      "longitude": 121.45402,
      "geohash": "wtw3gy247bc"
    }
  ]
}
