{
  "hongbaoList": [
    {
      "id": 5642289835853,
      "sn": "201703011630186655961402057526",
      "user_id": 186655961,
      "amount": 13.5,
      "sum_condition": 45,
      "name": "下午茶专享",
      "phone": "13681711254",
      "begin_date": "2017-03-01",
      "end_date": "2017-03-01",
      "descriptions": [
        "满 45 元可用",
        "限尾号 1254 的手机使用",
        "限2017-03-01当天可用"
      ],
      "extra_limit": [
        "限14:00 - 16:00使用"
      ],
      "status": 0
    },
    {
      "id": 5642289834829,
      "sn": "201703011630186655961435640564",
      "user_id": 186655961,
      "amount": 12,
      "sum_condition": 35,
      "name": "通用红包",
      "phone": "13681711254",
      "begin_date": "2017-03-01",
      "end_date": "2017-03-01",
      "descriptions": [
        "满 35 元可用",
        "限尾号 1254 的手机使用",
        "限2017-03-01当天可用"
      ],
      "status": 0
    },
    {
      "id": 5642289833805,
      "sn": "201703011630186655961844863442",
      "user_id": 186655961,
      "amount": 20,
      "sum_condition": 90,
      "name": "夜宵专享",
      "phone": "13681711254",
      "begin_date": "2017-03-01",
      "end_date": "2017-03-01",
      "descriptions": [
        "满 90 元可用",
        "限尾号 1254 的手机使用",
        "限2017-03-01当天可用"
      ],
      "extra_limit": [
        "限21:00 - 02:00使用"
      ],
      "status": 0
    },
    {
      "id": 5642289832781,
      "sn": "201703011630186655961784901227",
      "user_id": 186655961,
      "amount": 16.5,
      "sum_condition": 55,
      "name": "美食专享",
      "phone": "13681711254",
      "begin_date": "2017-03-01",
      "end_date": "2017-03-01",
      "descriptions": [
        "满 55 元可用",
        "限尾号 1254 的手机使用",
        "限2017-03-01当天可用"
      ],
      "extra_limit": [
        "限特色菜系品类商家使用"
      ],
      "status": 0
    },
    {
      "id": 5598975208269,
      "sn": "201702270153186655961618618252",
      "user_id": 186655961,
      "amount": 20,
      "sum_condition": 90,
      "name": "普通红包",
      "phone": "13681711254",
      "begin_date": "2017-02-27",
      "end_date": "2017-03-01",
      "descriptions": [
        "满 90 元可用",
        "限尾号 1254 的手机使用",
        "2017-02-27 - 2017-03-01"
      ],
      "extra_limit": [
        "限快餐便当、特色菜系、小吃夜宵品类商家使用"
      ],
      "status": 0
    },
    {
      "id": 5598975207245,
      "sn": "201702270153186655961331406169",
      "user_id": 186655961,
      "amount": 10,
      "sum_condition": 40,
      "name": "普通红包",
      "phone": "13681711254",
      "begin_date": "2017-02-27",
      "end_date": "2017-03-01",
      "descriptions": [
        "满 40 元可用",
        "限尾号 1254 的手机使用",
        "2017-02-27 - 2017-03-01"
      ],
      "extra_limit": [
        "限快餐便当、特色菜系、小吃夜宵品类商家使用"
      ],
      "status": 0
    },
    {
      "id": 5598975206221,
      "sn": "201702270153186655961696478848",
      "user_id": 186655961,
      "amount": 5,
      "sum_condition": 20,
      "name": "普通红包",
      "phone": "13681711254",
      "begin_date": "2017-02-27",
      "end_date": "2017-03-01",
      "descriptions": [
        "满 20 元可用",
        "限尾号 1254 的手机使用",
        "2017-02-27 - 2017-03-01"
      ],
      "status": 0
    }
  ]
}
