{
  "orderList": [
    {
      "id": 1202110398310861904,
      "restaurant_id": 625738,
      "restaurant_name": "快乐柠檬（迪美店）",
      "restaurant_image_hash": "55bf67cc9c994d2b8ddbd4b580e013aepng",
      "is_brand": 1,
      "status_bar": {
        "title": "订单已取消",
        "color": "grey2",
        "sub_title": "",
        "image_type": "cancel_order"
      },
      "formatted_created_at": "2017-02-19 16:03",
      "total_amount": 289,
      "total_quantity": 20,
      "status_code": -4,
      "is_pindan": 0,
      "is_deletable": 1,
      "is_new_pay": 1,
      "remind_reply_count": 0,
      "pay_remain_seconds": 0,
      "operation_rebuy": 2,
      "operation_upload_photo": 0,
      "operation_rate": 0,
      "operation_confirm": 0,
      "operation_pay": 0,
      "rated_point": 2000,
      "basket": {
        "pindan_map": [],
        "abandoned_extra": [],
        "extra": [],
        "group": [
          [
            {
              "name": "手榨香柠蜜香红茶-（热杯）",
              "price": 12,
              "quantity": 1,
              "specs": [
                "（热杯）"
              ],
              "new_specs": [],
              "attrs": []
            },
            {
              "name": "手榨香柠茉香绿茶-（热杯）",
              "price": 10,
              "quantity": 1,
              "specs": [
                "（热杯）"
              ],
              "new_specs": [],
              "attrs": []
            },
            {
              "name": "芋见燕麦牛奶可可-中杯 去冰",
              "price": 15,
              "quantity": 1,
              "specs": [
                "中杯 去冰"
              ],
              "new_specs": [],
              "attrs": []
            },
            {
              "name": "珍珠奶茶-（热杯）",
              "price": 10,
              "quantity": 2,
              "specs": [
                "（热杯）"
              ],
              "new_specs": [],
              "attrs": []
            },
            {
              "name": "柚恋柠檬茶-（热杯）",
              "price": 12,
              "quantity": 2,
              "specs": [
                "（热杯）"
              ],
              "new_specs": [],
              "attrs": []
            },
            {
              "name": "柠檬菠萝冻-（中杯）-冰",
              "price": 11,
              "quantity": 1,
              "specs": [
                "（中杯）-冰"
              ],
              "new_specs": [],
              "attrs": []
            },
            {
              "name": "OREO曲奇奶茶-（热杯）",
              "price": 11,
              "quantity": 1,
              "specs": [
                "（热杯）"
              ],
              "new_specs": [],
              "attrs": []
            },
            {
              "name": "OREO曲奇奶茶-（大杯）-冰",
              "price": 14,
              "quantity": 1,
              "specs": [
                "（大杯）-冰"
              ],
              "new_specs": [],
              "attrs": []
            },
            {
              "name": "芋见小芋圆奶茶-大热杯",
              "price": 17,
              "quantity": 9,
              "specs": [],
              "new_specs": [],
              "attrs": []
            },
            {
              "name": "OREO曲奇奶茶-（大杯）-少冰",
              "price": 14,
              "quantity": 1,
              "specs": [
                "（大杯）-少冰"
              ],
              "new_specs": [],
              "attrs": []
            }
          ]
        ],
        "deliver_fee": {
          "category_id": 2,
          "name": "配送费",
          "price": 5,
          "quantity": 1
        }
      },
      "unique_id": "1202110398310861904",
      "timeline_node": {
        "title": "订单已取消",
        "description": "系统取消了订单，理由是“超过15分钟未支付”",
        "actions": [],
        "in_processing": 0,
        "sub_description": ""
      },
      "top_show": 0,
      "restaurant_image_url": "https://fuss10.elemecdn.com/5/5b/f67cc9c994d2b8ddbd4b580e013aepng.png"
    },
    {
      "id": 1202109207598288045,
      "restaurant_id": 1984813,
      "restaurant_name": "DQ(上海人民广场店)",
      "restaurant_image_hash": "bb10c6a9919098436d2018521e0f36a7png",
      "is_brand": 1,
      "status_bar": {
        "title": "订单已取消",
        "color": "grey2",
        "sub_title": "",
        "image_type": "cancel_order"
      },
      "formatted_created_at": "2017-02-19 15:22",
      "total_amount": 36,
      "total_quantity": 1,
      "status_code": -4,
      "is_pindan": 0,
      "is_deletable": 1,
      "is_new_pay": 1,
      "remind_reply_count": 0,
      "pay_remain_seconds": 0,
      "operation_rebuy": 2,
      "operation_upload_photo": 0,
      "operation_rate": 0,
      "operation_confirm": 0,
      "operation_pay": 0,
      "rated_point": 360,
      "basket": {
        "pindan_map": [],
        "abandoned_extra": [],
        "extra": [],
        "group": [
          [
            {
              "name": "奥利奥芝士蛋糕猛料大杯（整单满50立减15元）",
              "price": 30,
              "quantity": 1,
              "specs": [
                ""
              ],
              "new_specs": [],
              "attrs": []
            }
          ]
        ],
        "deliver_fee": {
          "category_id": 2,
          "name": "配送费",
          "price": 5,
          "quantity": 1
        },
        "packing_fee": {
          "category_id": 102,
          "name": "餐盒",
          "price": 1,
          "quantity": 1
        }
      },
      "unique_id": "1202109207598288045",
      "timeline_node": {
        "title": "订单已取消",
        "description": "系统取消了订单，理由是“超过15分钟未支付”",
        "actions": [],
        "in_processing": 0,
        "sub_description": ""
      },
      "top_show": 0,
      "restaurant_image_url": "https://fuss10.elemecdn.com/b/b1/0c6a9919098436d2018521e0f36a7png.png"
    },
    {
      "id": 1202109132000152749,
      "restaurant_id": 1984813,
      "restaurant_name": "DQ(上海人民广场店)",
      "restaurant_image_hash": "bb10c6a9919098436d2018521e0f36a7png",
      "is_brand": 1,
      "status_bar": {
        "title": "订单已取消",
        "color": "grey2",
        "sub_title": "",
        "image_type": "cancel_order"
      },
      "formatted_created_at": "2017-02-19 15:19",
      "total_amount": 36,
      "total_quantity": 1,
      "status_code": -4,
      "is_pindan": 0,
      "is_deletable": 1,
      "is_new_pay": 1,
      "remind_reply_count": 0,
      "pay_remain_seconds": 0,
      "operation_rebuy": 2,
      "operation_upload_photo": 0,
      "operation_rate": 0,
      "operation_confirm": 0,
      "operation_pay": 0,
      "rated_point": 360,
      "basket": {
        "pindan_map": [],
        "abandoned_extra": [],
        "extra": [],
        "group": [
          [
            {
              "name": "奥利奥芝士蛋糕猛料大杯（整单满50立减15元）",
              "price": 30,
              "quantity": 1,
              "specs": [
                ""
              ],
              "new_specs": [],
              "attrs": []
            }
          ]
        ],
        "deliver_fee": {
          "category_id": 2,
          "name": "配送费",
          "price": 5,
          "quantity": 1
        },
        "packing_fee": {
          "category_id": 102,
          "name": "餐盒",
          "price": 1,
          "quantity": 1
        }
      },
      "unique_id": "1202109132000152749",
      "timeline_node": {
        "title": "订单已取消",
        "description": "系统取消了订单，理由是“超过15分钟未支付”",
        "actions": [],
        "in_processing": 0,
        "sub_description": ""
      },
      "top_show": 0,
      "restaurant_image_url": "https://fuss10.elemecdn.com/b/b1/0c6a9919098436d2018521e0f36a7png.png"
    },
    {
      "id": 1202105913937185872,
      "restaurant_id": 625738,
      "restaurant_name": "快乐柠檬（迪美店）",
      "restaurant_image_hash": "55bf67cc9c994d2b8ddbd4b580e013aepng",
      "is_brand": 1,
      "status_bar": {
        "title": "订单已取消",
        "color": "grey2",
        "sub_title": "",
        "image_type": "cancel_order"
      },
      "formatted_created_at": "2017-02-19 13:49",
      "total_amount": 289,
      "total_quantity": 20,
      "status_code": -4,
      "is_pindan": 0,
      "is_deletable": 1,
      "is_new_pay": 1,
      "remind_reply_count": 0,
      "pay_remain_seconds": 0,
      "operation_rebuy": 2,
      "operation_upload_photo": 0,
      "operation_rate": 0,
      "operation_confirm": 0,
      "operation_pay": 0,
      "rated_point": 2000,
      "basket": {
        "pindan_map": [],
        "abandoned_extra": [],
        "extra": [],
        "group": [
          [
            {
              "name": "手榨香柠蜜香红茶-（热杯）",
              "price": 12,
              "quantity": 1,
              "specs": [
                "（热杯）"
              ],
              "new_specs": [],
              "attrs": []
            },
            {
              "name": "手榨香柠茉香绿茶-（热杯）",
              "price": 10,
              "quantity": 1,
              "specs": [
                "（热杯）"
              ],
              "new_specs": [],
              "attrs": []
            },
            {
              "name": "柠檬菠萝冻-（中杯）-冰",
              "price": 11,
              "quantity": 1,
              "specs": [
                "（中杯）-冰"
              ],
              "new_specs": [],
              "attrs": []
            },
            {
              "name": "珍珠奶茶-（热杯）",
              "price": 10,
              "quantity": 2,
              "specs": [
                "（热杯）"
              ],
              "new_specs": [],
              "attrs": []
            },
            {
              "name": "OREO曲奇奶茶-（热杯）",
              "price": 11,
              "quantity": 1,
              "specs": [
                "（热杯）"
              ],
              "new_specs": [],
              "attrs": []
            },
            {
              "name": "柚恋柠檬茶-（热杯）",
              "price": 12,
              "quantity": 2,
              "specs": [
                "（热杯）"
              ],
              "new_specs": [],
              "attrs": []
            },
            {
              "name": "OREO曲奇奶茶-（大杯）-冰",
              "price": 14,
              "quantity": 1,
              "specs": [
                "（大杯）-冰"
              ],
              "new_specs": [],
              "attrs": []
            },
            {
              "name": "OREO曲奇奶茶-（大杯）-少冰",
              "price": 14,
              "quantity": 1,
              "specs": [
                "（大杯）-少冰"
              ],
              "new_specs": [],
              "attrs": []
            },
            {
              "name": "芋见燕麦牛奶可可-中杯 去冰",
              "price": 15,
              "quantity": 1,
              "specs": [
                "中杯 去冰"
              ],
              "new_specs": [],
              "attrs": []
            },
            {
              "name": "芋见小芋圆奶茶-大热杯",
              "price": 17,
              "quantity": 9,
              "specs": [],
              "new_specs": [],
              "attrs": []
            }
          ]
        ],
        "deliver_fee": {
          "category_id": 2,
          "name": "配送费",
          "price": 5,
          "quantity": 1
        }
      },
      "unique_id": "1202105913937185872",
      "timeline_node": {
        "title": "订单已取消",
        "description": "系统取消了订单，理由是“超过15分钟未支付”",
        "actions": [],
        "in_processing": 0,
        "sub_description": ""
      },
      "top_show": 0,
      "restaurant_image_url": "https://fuss10.elemecdn.com/5/5b/f67cc9c994d2b8ddbd4b580e013aepng.png"
    },
    {
      "id": 1202103999405182032,
      "restaurant_id": 625738,
      "restaurant_name": "快乐柠檬（迪美店）",
      "restaurant_image_hash": "55bf67cc9c994d2b8ddbd4b580e013aepng",
      "is_brand": 1,
      "status_bar": {
        "title": "订单已取消",
        "color": "grey2",
        "sub_title": "",
        "image_type": "cancel_order"
      },
      "formatted_created_at": "2017-02-19 13:12",
      "total_amount": 289,
      "total_quantity": 20,
      "status_code": -4,
      "is_pindan": 0,
      "is_deletable": 1,
      "is_new_pay": 1,
      "remind_reply_count": 0,
      "pay_remain_seconds": 0,
      "operation_rebuy": 2,
      "operation_upload_photo": 0,
      "operation_rate": 0,
      "operation_confirm": 0,
      "operation_pay": 0,
      "rated_point": 2000,
      "basket": {
        "pindan_map": [],
        "abandoned_extra": [],
        "extra": [],
        "group": [
          [
            {
              "name": "手榨香柠蜜香红茶-（热杯）",
              "price": 12,
              "quantity": 1,
              "specs": [
                "（热杯）"
              ],
              "new_specs": [],
              "attrs": []
            },
            {
              "name": "手榨香柠茉香绿茶-（热杯）",
              "price": 10,
              "quantity": 1,
              "specs": [
                "（热杯）"
              ],
              "new_specs": [],
              "attrs": []
            },
            {
              "name": "芋见燕麦牛奶可可-中杯 去冰",
              "price": 15,
              "quantity": 1,
              "specs": [
                "中杯 去冰"
              ],
              "new_specs": [],
              "attrs": []
            },
            {
              "name": "珍珠奶茶-（热杯）",
              "price": 10,
              "quantity": 2,
              "specs": [
                "（热杯）"
              ],
              "new_specs": [],
              "attrs": []
            },
            {
              "name": "柚恋柠檬茶-（热杯）",
              "price": 12,
              "quantity": 2,
              "specs": [
                "（热杯）"
              ],
              "new_specs": [],
              "attrs": []
            },
            {
              "name": "柠檬菠萝冻-（中杯）-冰",
              "price": 11,
              "quantity": 1,
              "specs": [
                "（中杯）-冰"
              ],
              "new_specs": [],
              "attrs": []
            },
            {
              "name": "OREO曲奇奶茶-（热杯）",
              "price": 11,
              "quantity": 1,
              "specs": [
                "（热杯）"
              ],
              "new_specs": [],
              "attrs": []
            },
            {
              "name": "OREO曲奇奶茶-（大杯）-冰",
              "price": 14,
              "quantity": 1,
              "specs": [
                "（大杯）-冰"
              ],
              "new_specs": [],
              "attrs": []
            },
            {
              "name": "芋见小芋圆奶茶-大热杯",
              "price": 17,
              "quantity": 9,
              "specs": [],
              "new_specs": [],
              "attrs": []
            },
            {
              "name": "OREO曲奇奶茶-（大杯）-少冰",
              "price": 14,
              "quantity": 1,
              "specs": [
                "（大杯）-少冰"
              ],
              "new_specs": [],
              "attrs": []
            }
          ]
        ],
        "deliver_fee": {
          "category_id": 2,
          "name": "配送费",
          "price": 5,
          "quantity": 1
        }
      },
      "unique_id": "1202103999405182032",
      "timeline_node": {
        "title": "订单已取消",
        "description": "系统取消了订单，理由是“超过15分钟未支付”",
        "actions": [],
        "in_processing": 0,
        "sub_description": ""
      },
      "top_show": 0,
      "restaurant_image_url": "https://fuss10.elemecdn.com/5/5b/f67cc9c994d2b8ddbd4b580e013aepng.png"
    },
    {
      "id": 1202103875035679824,
      "restaurant_id": 625738,
      "restaurant_name": "快乐柠檬（迪美店）",
      "restaurant_image_hash": "55bf67cc9c994d2b8ddbd4b580e013aepng",
      "is_brand": 1,
      "status_bar": {
        "title": "订单已取消",
        "color": "grey2",
        "sub_title": "",
        "image_type": "cancel_order"
      },
      "formatted_created_at": "2017-02-19 13:10",
      "total_amount": 289,
      "total_quantity": 20,
      "status_code": -4,
      "is_pindan": 0,
      "is_deletable": 1,
      "is_new_pay": 1,
      "remind_reply_count": 0,
      "pay_remain_seconds": 0,
      "operation_rebuy": 2,
      "operation_upload_photo": 0,
      "operation_rate": 0,
      "operation_confirm": 0,
      "operation_pay": 0,
      "rated_point": 2000,
      "basket": {
        "pindan_map": [],
        "abandoned_extra": [],
        "extra": [],
        "group": [
          [
            {
              "name": "手榨香柠蜜香红茶-（热杯）",
              "price": 12,
              "quantity": 1,
              "specs": [
                "（热杯）"
              ],
              "new_specs": [],
              "attrs": []
            },
            {
              "name": "珍珠奶茶-（热杯）",
              "price": 10,
              "quantity": 2,
              "specs": [
                "（热杯）"
              ],
              "new_specs": [],
              "attrs": []
            },
            {
              "name": "柠檬菠萝冻-（中杯）-冰",
              "price": 11,
              "quantity": 1,
              "specs": [
                "（中杯）-冰"
              ],
              "new_specs": [],
              "attrs": []
            },
            {
              "name": "OREO曲奇奶茶-（热杯）",
              "price": 11,
              "quantity": 1,
              "specs": [
                "（热杯）"
              ],
              "new_specs": [],
              "attrs": []
            },
            {
              "name": "OREO曲奇奶茶-（大杯）-冰",
              "price": 14,
              "quantity": 1,
              "specs": [
                "（大杯）-冰"
              ],
              "new_specs": [],
              "attrs": []
            },
            {
              "name": "芋见小芋圆奶茶-大热杯",
              "price": 17,
              "quantity": 9,
              "specs": [],
              "new_specs": [],
              "attrs": []
            },
            {
              "name": "OREO曲奇奶茶-（大杯）-少冰",
              "price": 14,
              "quantity": 1,
              "specs": [
                "（大杯）-少冰"
              ],
              "new_specs": [],
              "attrs": []
            },
            {
              "name": "手榨香柠茉香绿茶-（热杯）",
              "price": 10,
              "quantity": 1,
              "specs": [
                "（热杯）"
              ],
              "new_specs": [],
              "attrs": []
            },
            {
              "name": "柚恋柠檬茶-（热杯）",
              "price": 12,
              "quantity": 2,
              "specs": [
                "（热杯）"
              ],
              "new_specs": [],
              "attrs": []
            },
            {
              "name": "芋见燕麦牛奶可可-中杯 去冰",
              "price": 15,
              "quantity": 1,
              "specs": [
                "中杯 去冰"
              ],
              "new_specs": [],
              "attrs": []
            }
          ]
        ],
        "deliver_fee": {
          "category_id": 2,
          "name": "配送费",
          "price": 5,
          "quantity": 1
        }
      },
      "unique_id": "1202103875035679824",
      "timeline_node": {
        "title": "订单已取消",
        "description": "系统取消了订单，理由是“超过15分钟未支付”",
        "actions": [],
        "in_processing": 0,
        "sub_description": ""
      },
      "top_show": 0,
      "restaurant_image_url": "https://fuss10.elemecdn.com/5/5b/f67cc9c994d2b8ddbd4b580e013aepng.png"
    },
    {
      "id": 1202100625574153296,
      "restaurant_id": 625738,
      "restaurant_name": "快乐柠檬（迪美店）",
      "restaurant_image_hash": "55bf67cc9c994d2b8ddbd4b580e013aepng",
      "is_brand": 1,
      "status_bar": {
        "title": "订单已取消",
        "color": "grey2",
        "sub_title": "",
        "image_type": "cancel_order"
      },
      "formatted_created_at": "2017-02-19 12:27",
      "total_amount": 289,
      "total_quantity": 20,
      "status_code": -4,
      "is_pindan": 0,
      "is_deletable": 1,
      "is_new_pay": 1,
      "remind_reply_count": 0,
      "pay_remain_seconds": 0,
      "operation_rebuy": 2,
      "operation_upload_photo": 0,
      "operation_rate": 0,
      "operation_confirm": 0,
      "operation_pay": 0,
      "rated_point": 2000,
      "basket": {
        "pindan_map": [],
        "abandoned_extra": [],
        "extra": [],
        "group": [
          [
            {
              "name": "手榨香柠蜜香红茶-（热杯）",
              "price": 12,
              "quantity": 1,
              "specs": [
                "（热杯）"
              ],
              "new_specs": [],
              "attrs": []
            },
            {
              "name": "手榨香柠茉香绿茶-（热杯）",
              "price": 10,
              "quantity": 1,
              "specs": [
                "（热杯）"
              ],
              "new_specs": [],
              "attrs": []
            },
            {
              "name": "柠檬菠萝冻-（中杯）-冰",
              "price": 11,
              "quantity": 1,
              "specs": [
                "（中杯）-冰"
              ],
              "new_specs": [],
              "attrs": []
            },
            {
              "name": "珍珠奶茶-（热杯）",
              "price": 10,
              "quantity": 2,
              "specs": [
                "（热杯）"
              ],
              "new_specs": [],
              "attrs": []
            },
            {
              "name": "OREO曲奇奶茶-（热杯）",
              "price": 11,
              "quantity": 1,
              "specs": [
                "（热杯）"
              ],
              "new_specs": [],
              "attrs": []
            },
            {
              "name": "柚恋柠檬茶-（热杯）",
              "price": 12,
              "quantity": 2,
              "specs": [
                "（热杯）"
              ],
              "new_specs": [],
              "attrs": []
            },
            {
              "name": "OREO曲奇奶茶-（大杯）-冰",
              "price": 14,
              "quantity": 1,
              "specs": [
                "（大杯）-冰"
              ],
              "new_specs": [],
              "attrs": []
            },
            {
              "name": "OREO曲奇奶茶-（大杯）-少冰",
              "price": 14,
              "quantity": 1,
              "specs": [
                "（大杯）-少冰"
              ],
              "new_specs": [],
              "attrs": []
            },
            {
              "name": "芋见燕麦牛奶可可-中杯 去冰",
              "price": 15,
              "quantity": 1,
              "specs": [
                "中杯 去冰"
              ],
              "new_specs": [],
              "attrs": []
            },
            {
              "name": "芋见小芋圆奶茶-大热杯",
              "price": 17,
              "quantity": 9,
              "specs": [],
              "new_specs": [],
              "attrs": []
            }
          ]
        ],
        "deliver_fee": {
          "category_id": 2,
          "name": "配送费",
          "price": 5,
          "quantity": 1
        }
      },
      "unique_id": "1202100625574153296",
      "timeline_node": {
        "title": "订单已取消",
        "description": "系统取消了订单，理由是“超过15分钟未支付”",
        "actions": [],
        "in_processing": 0,
        "sub_description": ""
      },
      "top_show": 0,
      "restaurant_image_url": "https://fuss10.elemecdn.com/5/5b/f67cc9c994d2b8ddbd4b580e013aepng.png"
    },
    {
      "id": 1202098608399141968,
      "restaurant_id": 625738,
      "restaurant_name": "快乐柠檬（迪美店）",
      "restaurant_image_hash": "55bf67cc9c994d2b8ddbd4b580e013aepng",
      "is_brand": 1,
      "status_bar": {
        "title": "订单已取消",
        "color": "grey2",
        "sub_title": "",
        "image_type": "cancel_order"
      },
      "formatted_created_at": "2017-02-19 12:08",
      "total_amount": 289,
      "total_quantity": 20,
      "status_code": -4,
      "is_pindan": 0,
      "is_deletable": 1,
      "is_new_pay": 1,
      "remind_reply_count": 0,
      "pay_remain_seconds": 0,
      "operation_rebuy": 2,
      "operation_upload_photo": 0,
      "operation_rate": 0,
      "operation_confirm": 0,
      "operation_pay": 0,
      "rated_point": 2000,
      "basket": {
        "pindan_map": [],
        "abandoned_extra": [],
        "extra": [],
        "group": [
          [
            {
              "name": "手榨香柠蜜香红茶-（热杯）",
              "price": 12,
              "quantity": 1,
              "specs": [
                "（热杯）"
              ],
              "new_specs": [],
              "attrs": []
            },
            {
              "name": "手榨香柠茉香绿茶-（热杯）",
              "price": 10,
              "quantity": 1,
              "specs": [
                "（热杯）"
              ],
              "new_specs": [],
              "attrs": []
            },
            {
              "name": "柠檬菠萝冻-（中杯）-冰",
              "price": 11,
              "quantity": 1,
              "specs": [
                "（中杯）-冰"
              ],
              "new_specs": [],
              "attrs": []
            },
            {
              "name": "珍珠奶茶-（热杯）",
              "price": 10,
              "quantity": 2,
              "specs": [
                "（热杯）"
              ],
              "new_specs": [],
              "attrs": []
            },
            {
              "name": "OREO曲奇奶茶-（热杯）",
              "price": 11,
              "quantity": 1,
              "specs": [
                "（热杯）"
              ],
              "new_specs": [],
              "attrs": []
            },
            {
              "name": "柚恋柠檬茶-（热杯）",
              "price": 12,
              "quantity": 2,
              "specs": [
                "（热杯）"
              ],
              "new_specs": [],
              "attrs": []
            },
            {
              "name": "OREO曲奇奶茶-（大杯）-冰",
              "price": 14,
              "quantity": 1,
              "specs": [
                "（大杯）-冰"
              ],
              "new_specs": [],
              "attrs": []
            },
            {
              "name": "OREO曲奇奶茶-（大杯）-少冰",
              "price": 14,
              "quantity": 1,
              "specs": [
                "（大杯）-少冰"
              ],
              "new_specs": [],
              "attrs": []
            },
            {
              "name": "芋见燕麦牛奶可可-中杯 去冰",
              "price": 15,
              "quantity": 1,
              "specs": [
                "中杯 去冰"
              ],
              "new_specs": [],
              "attrs": []
            },
            {
              "name": "芋见小芋圆奶茶-大热杯",
              "price": 17,
              "quantity": 9,
              "specs": [],
              "new_specs": [],
              "attrs": []
            }
          ]
        ],
        "deliver_fee": {
          "category_id": 2,
          "name": "配送费",
          "price": 5,
          "quantity": 1
        }
      },
      "unique_id": "1202098608399141968",
      "timeline_node": {
        "title": "订单已取消",
        "description": "系统取消了订单，理由是“超过15分钟未支付”",
        "actions": [],
        "in_processing": 0,
        "sub_description": ""
      },
      "top_show": 0,
      "restaurant_image_url": "https://fuss10.elemecdn.com/5/5b/f67cc9c994d2b8ddbd4b580e013aepng.png"
    },
    {
      "id": 1202097246407969872,
      "restaurant_id": 625738,
      "restaurant_name": "快乐柠檬（迪美店）",
      "restaurant_image_hash": "55bf67cc9c994d2b8ddbd4b580e013aepng",
      "is_brand": 1,
      "status_bar": {
        "title": "订单已取消",
        "color": "grey2",
        "sub_title": "",
        "image_type": "cancel_order"
      },
      "formatted_created_at": "2017-02-19 11:55",
      "total_amount": 289,
      "total_quantity": 20,
      "status_code": -8,
      "is_pindan": 0,
      "is_deletable": 1,
      "is_new_pay": 1,
      "remind_reply_count": 0,
      "pay_remain_seconds": 0,
      "operation_rebuy": 2,
      "operation_upload_photo": 0,
      "operation_rate": 0,
      "operation_confirm": 0,
      "operation_pay": 0,
      "rated_point": 2000,
      "basket": {
        "pindan_map": [],
        "abandoned_extra": [],
        "extra": [],
        "group": [
          [
            {
              "name": "手榨香柠蜜香红茶-（热杯）",
              "price": 12,
              "quantity": 1,
              "specs": [
                "（热杯）"
              ],
              "new_specs": [],
              "attrs": []
            },
            {
              "name": "手榨香柠茉香绿茶-（热杯）",
              "price": 10,
              "quantity": 1,
              "specs": [
                "（热杯）"
              ],
              "new_specs": [],
              "attrs": []
            },
            {
              "name": "芋见燕麦牛奶可可-中杯 去冰",
              "price": 15,
              "quantity": 1,
              "specs": [
                "中杯 去冰"
              ],
              "new_specs": [],
              "attrs": []
            },
            {
              "name": "珍珠奶茶-（热杯）",
              "price": 10,
              "quantity": 2,
              "specs": [
                "（热杯）"
              ],
              "new_specs": [],
              "attrs": []
            },
            {
              "name": "柚恋柠檬茶-（热杯）",
              "price": 12,
              "quantity": 2,
              "specs": [
                "（热杯）"
              ],
              "new_specs": [],
              "attrs": []
            },
            {
              "name": "柠檬菠萝冻-（中杯）-冰",
              "price": 11,
              "quantity": 1,
              "specs": [
                "（中杯）-冰"
              ],
              "new_specs": [],
              "attrs": []
            },
            {
              "name": "OREO曲奇奶茶-（热杯）",
              "price": 11,
              "quantity": 1,
              "specs": [
                "（热杯）"
              ],
              "new_specs": [],
              "attrs": []
            },
            {
              "name": "OREO曲奇奶茶-（大杯）-冰",
              "price": 14,
              "quantity": 1,
              "specs": [
                "（大杯）-冰"
              ],
              "new_specs": [],
              "attrs": []
            },
            {
              "name": "芋见小芋圆奶茶-大热杯",
              "price": 17,
              "quantity": 9,
              "specs": [],
              "new_specs": [],
              "attrs": []
            },
            {
              "name": "OREO曲奇奶茶-（大杯）-少冰",
              "price": 14,
              "quantity": 1,
              "specs": [
                "（大杯）-少冰"
              ],
              "new_specs": [],
              "attrs": []
            }
          ]
        ],
        "deliver_fee": {
          "category_id": 2,
          "name": "配送费",
          "price": 5,
          "quantity": 1
        }
      },
      "unique_id": "1202097246407969872",
      "timeline_node": {
        "title": "订单已取消",
        "description": "你取消了订单",
        "actions": [],
        "in_processing": 0,
        "sub_description": ""
      },
      "top_show": 0,
      "restaurant_image_url": "https://fuss10.elemecdn.com/5/5b/f67cc9c994d2b8ddbd4b580e013aepng.png"
    }
  ],
  "orderDetail": [
    {
      "id": 1202110398310861904,
      "restaurant_id": 625738,
      "restaurant_name": "快乐柠檬（迪美店）",
      "restaurant_image_hash": "55bf67cc9c994d2b8ddbd4b580e013aepng",
      "total_amount": 289,
      "address": "人民公园南京西路231号",
      "phone": "15800319949",
      "description": "",
      "deliver_time": "尽快送达",
      "formatted_created_at": "2017-02-19 16:03",
      "invoice": "",
      "consignee": "徐 女士",
      "is_pindan": 0,
      "pay_method": "在线支付",
      "basket": {
        "pindan_map": [],
        "abandoned_extra": [],
        "extra": [],
        "group": [
          [
            {
              "name": "手榨香柠蜜香红茶-（热杯）",
              "price": 12,
              "quantity": 1,
              "specs": [
                "（热杯）"
              ],
              "new_specs": [],
              "attrs": []
            },
            {
              "name": "手榨香柠茉香绿茶-（热杯）",
              "price": 10,
              "quantity": 1,
              "specs": [
                "（热杯）"
              ],
              "new_specs": [],
              "attrs": []
            },
            {
              "name": "芋见燕麦牛奶可可-中杯 去冰",
              "price": 15,
              "quantity": 1,
              "specs": [
                "中杯 去冰"
              ],
              "new_specs": [],
              "attrs": []
            },
            {
              "name": "珍珠奶茶-（热杯）",
              "price": 10,
              "quantity": 2,
              "specs": [
                "（热杯）"
              ],
              "new_specs": [],
              "attrs": []
            },
            {
              "name": "柚恋柠檬茶-（热杯）",
              "price": 12,
              "quantity": 2,
              "specs": [
                "（热杯）"
              ],
              "new_specs": [],
              "attrs": []
            },
            {
              "name": "柠檬菠萝冻-（中杯）-冰",
              "price": 11,
              "quantity": 1,
              "specs": [
                "（中杯）-冰"
              ],
              "new_specs": [],
              "attrs": []
            },
            {
              "name": "OREO曲奇奶茶-（热杯）",
              "price": 11,
              "quantity": 1,
              "specs": [
                "（热杯）"
              ],
              "new_specs": [],
              "attrs": []
            },
            {
              "name": "OREO曲奇奶茶-（大杯）-冰",
              "price": 14,
              "quantity": 1,
              "specs": [
                "（大杯）-冰"
              ],
              "new_specs": [],
              "attrs": []
            },
            {
              "name": "芋见小芋圆奶茶-大热杯",
              "price": 17,
              "quantity": 9,
              "specs": [],
              "new_specs": [],
              "attrs": []
            },
            {
              "name": "OREO曲奇奶茶-（大杯）-少冰",
              "price": 14,
              "quantity": 1,
              "specs": [
                "（大杯）-少冰"
              ],
              "new_specs": [],
              "attrs": []
            }
          ]
        ],
        "deliver_fee": {
          "category_id": 2,
          "name": "配送费",
          "price": 5,
          "quantity": 1
        }
      },
      "restaurant_phone": "18217097058",
      "is_online_paid": 1,
      "restaurant_mobile": "",
      "is_book": 0,
      "is_new_restaurant": 0
    },
    {
      "id": 1202109207598288045,
      "restaurant_id": 625738,
      "restaurant_name": "快乐柠檬（迪美店）",
      "restaurant_image_hash": "55bf67cc9c994d2b8ddbd4b580e013aepng",
      "total_amount": 289,
      "address": "人民公园南京西路231号",
      "phone": "15800319949",
      "description": "",
      "deliver_time": "尽快送达",
      "formatted_created_at": "2017-02-19 16:03",
      "invoice": "",
      "consignee": "徐 女士",
      "is_pindan": 0,
      "pay_method": "在线支付",
      "basket": {
        "pindan_map": [],
        "abandoned_extra": [],
        "extra": [],
        "group": [
          [
            {
              "name": "手榨香柠蜜香红茶-（热杯）",
              "price": 12,
              "quantity": 1,
              "specs": [
                "（热杯）"
              ],
              "new_specs": [],
              "attrs": []
            },
            {
              "name": "手榨香柠茉香绿茶-（热杯）",
              "price": 10,
              "quantity": 1,
              "specs": [
                "（热杯）"
              ],
              "new_specs": [],
              "attrs": []
            },
            {
              "name": "芋见燕麦牛奶可可-中杯 去冰",
              "price": 15,
              "quantity": 1,
              "specs": [
                "中杯 去冰"
              ],
              "new_specs": [],
              "attrs": []
            },
            {
              "name": "珍珠奶茶-（热杯）",
              "price": 10,
              "quantity": 2,
              "specs": [
                "（热杯）"
              ],
              "new_specs": [],
              "attrs": []
            },
            {
              "name": "柚恋柠檬茶-（热杯）",
              "price": 12,
              "quantity": 2,
              "specs": [
                "（热杯）"
              ],
              "new_specs": [],
              "attrs": []
            },
            {
              "name": "柠檬菠萝冻-（中杯）-冰",
              "price": 11,
              "quantity": 1,
              "specs": [
                "（中杯）-冰"
              ],
              "new_specs": [],
              "attrs": []
            },
            {
              "name": "OREO曲奇奶茶-（热杯）",
              "price": 11,
              "quantity": 1,
              "specs": [
                "（热杯）"
              ],
              "new_specs": [],
              "attrs": []
            },
            {
              "name": "OREO曲奇奶茶-（大杯）-冰",
              "price": 14,
              "quantity": 1,
              "specs": [
                "（大杯）-冰"
              ],
              "new_specs": [],
              "attrs": []
            },
            {
              "name": "芋见小芋圆奶茶-大热杯",
              "price": 17,
              "quantity": 9,
              "specs": [],
              "new_specs": [],
              "attrs": []
            },
            {
              "name": "OREO曲奇奶茶-（大杯）-少冰",
              "price": 14,
              "quantity": 1,
              "specs": [
                "（大杯）-少冰"
              ],
              "new_specs": [],
              "attrs": []
            }
          ]
        ],
        "deliver_fee": {
          "category_id": 2,
          "name": "配送费",
          "price": 5,
          "quantity": 1
        }
      },
      "restaurant_phone": "18217097058",
      "is_online_paid": 1,
      "restaurant_mobile": "",
      "is_book": 0,
      "is_new_restaurant": 0
    },
    {
      "id": 1202109132000152749,
      "restaurant_id": 625738,
      "restaurant_name": "快乐柠檬（迪美店）",
      "restaurant_image_hash": "55bf67cc9c994d2b8ddbd4b580e013aepng",
      "total_amount": 289,
      "address": "人民公园南京西路231号",
      "phone": "15800319949",
      "description": "",
      "deliver_time": "尽快送达",
      "formatted_created_at": "2017-02-19 16:03",
      "invoice": "",
      "consignee": "徐 女士",
      "is_pindan": 0,
      "pay_method": "在线支付",
      "basket": {
        "pindan_map": [],
        "abandoned_extra": [],
        "extra": [],
        "group": [
          [
            {
              "name": "手榨香柠蜜香红茶-（热杯）",
              "price": 12,
              "quantity": 1,
              "specs": [
                "（热杯）"
              ],
              "new_specs": [],
              "attrs": []
            },
            {
              "name": "手榨香柠茉香绿茶-（热杯）",
              "price": 10,
              "quantity": 1,
              "specs": [
                "（热杯）"
              ],
              "new_specs": [],
              "attrs": []
            },
            {
              "name": "芋见燕麦牛奶可可-中杯 去冰",
              "price": 15,
              "quantity": 1,
              "specs": [
                "中杯 去冰"
              ],
              "new_specs": [],
              "attrs": []
            },
            {
              "name": "珍珠奶茶-（热杯）",
              "price": 10,
              "quantity": 2,
              "specs": [
                "（热杯）"
              ],
              "new_specs": [],
              "attrs": []
            },
            {
              "name": "柚恋柠檬茶-（热杯）",
              "price": 12,
              "quantity": 2,
              "specs": [
                "（热杯）"
              ],
              "new_specs": [],
              "attrs": []
            },
            {
              "name": "柠檬菠萝冻-（中杯）-冰",
              "price": 11,
              "quantity": 1,
              "specs": [
                "（中杯）-冰"
              ],
              "new_specs": [],
              "attrs": []
            },
            {
              "name": "OREO曲奇奶茶-（热杯）",
              "price": 11,
              "quantity": 1,
              "specs": [
                "（热杯）"
              ],
              "new_specs": [],
              "attrs": []
            },
            {
              "name": "OREO曲奇奶茶-（大杯）-冰",
              "price": 14,
              "quantity": 1,
              "specs": [
                "（大杯）-冰"
              ],
              "new_specs": [],
              "attrs": []
            },
            {
              "name": "芋见小芋圆奶茶-大热杯",
              "price": 17,
              "quantity": 9,
              "specs": [],
              "new_specs": [],
              "attrs": []
            },
            {
              "name": "OREO曲奇奶茶-（大杯）-少冰",
              "price": 14,
              "quantity": 1,
              "specs": [
                "（大杯）-少冰"
              ],
              "new_specs": [],
              "attrs": []
            }
          ]
        ],
        "deliver_fee": {
          "category_id": 2,
          "name": "配送费",
          "price": 5,
          "quantity": 1
        }
      },
      "restaurant_phone": "18217097058",
      "is_online_paid": 1,
      "restaurant_mobile": "",
      "is_book": 0,
      "is_new_restaurant": 0
    },
    {
      "id": 1202105913937185872,
      "restaurant_id": 625738,
      "restaurant_name": "快乐柠檬（迪美店）",
      "restaurant_image_hash": "55bf67cc9c994d2b8ddbd4b580e013aepng",
      "total_amount": 289,
      "address": "人民公园南京西路231号",
      "phone": "15800319949",
      "description": "",
      "deliver_time": "尽快送达",
      "formatted_created_at": "2017-02-19 16:03",
      "invoice": "",
      "consignee": "徐 女士",
      "is_pindan": 0,
      "pay_method": "在线支付",
      "basket": {
        "pindan_map": [],
        "abandoned_extra": [],
        "extra": [],
        "group": [
          [
            {
              "name": "手榨香柠蜜香红茶-（热杯）",
              "price": 12,
              "quantity": 1,
              "specs": [
                "（热杯）"
              ],
              "new_specs": [],
              "attrs": []
            },
            {
              "name": "手榨香柠茉香绿茶-（热杯）",
              "price": 10,
              "quantity": 1,
              "specs": [
                "（热杯）"
              ],
              "new_specs": [],
              "attrs": []
            },
            {
              "name": "芋见燕麦牛奶可可-中杯 去冰",
              "price": 15,
              "quantity": 1,
              "specs": [
                "中杯 去冰"
              ],
              "new_specs": [],
              "attrs": []
            },
            {
              "name": "珍珠奶茶-（热杯）",
              "price": 10,
              "quantity": 2,
              "specs": [
                "（热杯）"
              ],
              "new_specs": [],
              "attrs": []
            },
            {
              "name": "柚恋柠檬茶-（热杯）",
              "price": 12,
              "quantity": 2,
              "specs": [
                "（热杯）"
              ],
              "new_specs": [],
              "attrs": []
            },
            {
              "name": "柠檬菠萝冻-（中杯）-冰",
              "price": 11,
              "quantity": 1,
              "specs": [
                "（中杯）-冰"
              ],
              "new_specs": [],
              "attrs": []
            },
            {
              "name": "OREO曲奇奶茶-（热杯）",
              "price": 11,
              "quantity": 1,
              "specs": [
                "（热杯）"
              ],
              "new_specs": [],
              "attrs": []
            },
            {
              "name": "OREO曲奇奶茶-（大杯）-冰",
              "price": 14,
              "quantity": 1,
              "specs": [
                "（大杯）-冰"
              ],
              "new_specs": [],
              "attrs": []
            },
            {
              "name": "芋见小芋圆奶茶-大热杯",
              "price": 17,
              "quantity": 9,
              "specs": [],
              "new_specs": [],
              "attrs": []
            },
            {
              "name": "OREO曲奇奶茶-（大杯）-少冰",
              "price": 14,
              "quantity": 1,
              "specs": [
                "（大杯）-少冰"
              ],
              "new_specs": [],
              "attrs": []
            }
          ]
        ],
        "deliver_fee": {
          "category_id": 2,
          "name": "配送费",
          "price": 5,
          "quantity": 1
        }
      },
      "restaurant_phone": "18217097058",
      "is_online_paid": 1,
      "restaurant_mobile": "",
      "is_book": 0,
      "is_new_restaurant": 0
    },
    {
      "id": 1202103999405182032,
      "restaurant_id": 625738,
      "restaurant_name": "快乐柠檬（迪美店）",
      "restaurant_image_hash": "55bf67cc9c994d2b8ddbd4b580e013aepng",
      "total_amount": 289,
      "address": "人民公园南京西路231号",
      "phone": "15800319949",
      "description": "",
      "deliver_time": "尽快送达",
      "formatted_created_at": "2017-02-19 16:03",
      "invoice": "",
      "consignee": "徐 女士",
      "is_pindan": 0,
      "pay_method": "在线支付",
      "basket": {
        "pindan_map": [],
        "abandoned_extra": [],
        "extra": [],
        "group": [
          [
            {
              "name": "手榨香柠蜜香红茶-（热杯）",
              "price": 12,
              "quantity": 1,
              "specs": [
                "（热杯）"
              ],
              "new_specs": [],
              "attrs": []
            },
            {
              "name": "手榨香柠茉香绿茶-（热杯）",
              "price": 10,
              "quantity": 1,
              "specs": [
                "（热杯）"
              ],
              "new_specs": [],
              "attrs": []
            },
            {
              "name": "芋见燕麦牛奶可可-中杯 去冰",
              "price": 15,
              "quantity": 1,
              "specs": [
                "中杯 去冰"
              ],
              "new_specs": [],
              "attrs": []
            },
            {
              "name": "珍珠奶茶-（热杯）",
              "price": 10,
              "quantity": 2,
              "specs": [
                "（热杯）"
              ],
              "new_specs": [],
              "attrs": []
            },
            {
              "name": "柚恋柠檬茶-（热杯）",
              "price": 12,
              "quantity": 2,
              "specs": [
                "（热杯）"
              ],
              "new_specs": [],
              "attrs": []
            },
            {
              "name": "柠檬菠萝冻-（中杯）-冰",
              "price": 11,
              "quantity": 1,
              "specs": [
                "（中杯）-冰"
              ],
              "new_specs": [],
              "attrs": []
            },
            {
              "name": "OREO曲奇奶茶-（热杯）",
              "price": 11,
              "quantity": 1,
              "specs": [
                "（热杯）"
              ],
              "new_specs": [],
              "attrs": []
            },
            {
              "name": "OREO曲奇奶茶-（大杯）-冰",
              "price": 14,
              "quantity": 1,
              "specs": [
                "（大杯）-冰"
              ],
              "new_specs": [],
              "attrs": []
            },
            {
              "name": "芋见小芋圆奶茶-大热杯",
              "price": 17,
              "quantity": 9,
              "specs": [],
              "new_specs": [],
              "attrs": []
            },
            {
              "name": "OREO曲奇奶茶-（大杯）-少冰",
              "price": 14,
              "quantity": 1,
              "specs": [
                "（大杯）-少冰"
              ],
              "new_specs": [],
              "attrs": []
            }
          ]
        ],
        "deliver_fee": {
          "category_id": 2,
          "name": "配送费",
          "price": 5,
          "quantity": 1
        }
      },
      "restaurant_phone": "18217097058",
      "is_online_paid": 1,
      "restaurant_mobile": "",
      "is_book": 0,
      "is_new_restaurant": 0
    },
    {
      "id": 1202103875035679824,
      "restaurant_id": 625738,
      "restaurant_name": "快乐柠檬（迪美店）",
      "restaurant_image_hash": "55bf67cc9c994d2b8ddbd4b580e013aepng",
      "total_amount": 289,
      "address": "人民公园南京西路231号",
      "phone": "15800319949",
      "description": "",
      "deliver_time": "尽快送达",
      "formatted_created_at": "2017-02-19 16:03",
      "invoice": "",
      "consignee": "徐 女士",
      "is_pindan": 0,
      "pay_method": "在线支付",
      "basket": {
        "pindan_map": [],
        "abandoned_extra": [],
        "extra": [],
        "group": [
          [
            {
              "name": "手榨香柠蜜香红茶-（热杯）",
              "price": 12,
              "quantity": 1,
              "specs": [
                "（热杯）"
              ],
              "new_specs": [],
              "attrs": []
            },
            {
              "name": "手榨香柠茉香绿茶-（热杯）",
              "price": 10,
              "quantity": 1,
              "specs": [
                "（热杯）"
              ],
              "new_specs": [],
              "attrs": []
            },
            {
              "name": "芋见燕麦牛奶可可-中杯 去冰",
              "price": 15,
              "quantity": 1,
              "specs": [
                "中杯 去冰"
              ],
              "new_specs": [],
              "attrs": []
            },
            {
              "name": "珍珠奶茶-（热杯）",
              "price": 10,
              "quantity": 2,
              "specs": [
                "（热杯）"
              ],
              "new_specs": [],
              "attrs": []
            },
            {
              "name": "柚恋柠檬茶-（热杯）",
              "price": 12,
              "quantity": 2,
              "specs": [
                "（热杯）"
              ],
              "new_specs": [],
              "attrs": []
            },
            {
              "name": "柠檬菠萝冻-（中杯）-冰",
              "price": 11,
              "quantity": 1,
              "specs": [
                "（中杯）-冰"
              ],
              "new_specs": [],
              "attrs": []
            },
            {
              "name": "OREO曲奇奶茶-（热杯）",
              "price": 11,
              "quantity": 1,
              "specs": [
                "（热杯）"
              ],
              "new_specs": [],
              "attrs": []
            },
            {
              "name": "OREO曲奇奶茶-（大杯）-冰",
              "price": 14,
              "quantity": 1,
              "specs": [
                "（大杯）-冰"
              ],
              "new_specs": [],
              "attrs": []
            },
            {
              "name": "芋见小芋圆奶茶-大热杯",
              "price": 17,
              "quantity": 9,
              "specs": [],
              "new_specs": [],
              "attrs": []
            },
            {
              "name": "OREO曲奇奶茶-（大杯）-少冰",
              "price": 14,
              "quantity": 1,
              "specs": [
                "（大杯）-少冰"
              ],
              "new_specs": [],
              "attrs": []
            }
          ]
        ],
        "deliver_fee": {
          "category_id": 2,
          "name": "配送费",
          "price": 5,
          "quantity": 1
        }
      },
      "restaurant_phone": "18217097058",
      "is_online_paid": 1,
      "restaurant_mobile": "",
      "is_book": 0,
      "is_new_restaurant": 0
    },
    {
      "id": 1202100625574153296,
      "restaurant_id": 625738,
      "restaurant_name": "快乐柠檬（迪美店）",
      "restaurant_image_hash": "55bf67cc9c994d2b8ddbd4b580e013aepng",
      "total_amount": 289,
      "address": "人民公园南京西路231号",
      "phone": "15800319949",
      "description": "",
      "deliver_time": "尽快送达",
      "formatted_created_at": "2017-02-19 16:03",
      "invoice": "",
      "consignee": "徐 女士",
      "is_pindan": 0,
      "pay_method": "在线支付",
      "basket": {
        "pindan_map": [],
        "abandoned_extra": [],
        "extra": [],
        "group": [
          [
            {
              "name": "手榨香柠蜜香红茶-（热杯）",
              "price": 12,
              "quantity": 1,
              "specs": [
                "（热杯）"
              ],
              "new_specs": [],
              "attrs": []
            },
            {
              "name": "手榨香柠茉香绿茶-（热杯）",
              "price": 10,
              "quantity": 1,
              "specs": [
                "（热杯）"
              ],
              "new_specs": [],
              "attrs": []
            },
            {
              "name": "芋见燕麦牛奶可可-中杯 去冰",
              "price": 15,
              "quantity": 1,
              "specs": [
                "中杯 去冰"
              ],
              "new_specs": [],
              "attrs": []
            },
            {
              "name": "珍珠奶茶-（热杯）",
              "price": 10,
              "quantity": 2,
              "specs": [
                "（热杯）"
              ],
              "new_specs": [],
              "attrs": []
            },
            {
              "name": "柚恋柠檬茶-（热杯）",
              "price": 12,
              "quantity": 2,
              "specs": [
                "（热杯）"
              ],
              "new_specs": [],
              "attrs": []
            },
            {
              "name": "柠檬菠萝冻-（中杯）-冰",
              "price": 11,
              "quantity": 1,
              "specs": [
                "（中杯）-冰"
              ],
              "new_specs": [],
              "attrs": []
            },
            {
              "name": "OREO曲奇奶茶-（热杯）",
              "price": 11,
              "quantity": 1,
              "specs": [
                "（热杯）"
              ],
              "new_specs": [],
              "attrs": []
            },
            {
              "name": "OREO曲奇奶茶-（大杯）-冰",
              "price": 14,
              "quantity": 1,
              "specs": [
                "（大杯）-冰"
              ],
              "new_specs": [],
              "attrs": []
            },
            {
              "name": "芋见小芋圆奶茶-大热杯",
              "price": 17,
              "quantity": 9,
              "specs": [],
              "new_specs": [],
              "attrs": []
            },
            {
              "name": "OREO曲奇奶茶-（大杯）-少冰",
              "price": 14,
              "quantity": 1,
              "specs": [
                "（大杯）-少冰"
              ],
              "new_specs": [],
              "attrs": []
            }
          ]
        ],
        "deliver_fee": {
          "category_id": 2,
          "name": "配送费",
          "price": 5,
          "quantity": 1
        }
      },
      "restaurant_phone": "18217097058",
      "is_online_paid": 1,
      "restaurant_mobile": "",
      "is_book": 0,
      "is_new_restaurant": 0
    },
    {
      "id": 1202098608399141968,
      "restaurant_id": 625738,
      "restaurant_name": "快乐柠檬（迪美店）",
      "restaurant_image_hash": "55bf67cc9c994d2b8ddbd4b580e013aepng",
      "total_amount": 289,
      "address": "人民公园南京西路231号",
      "phone": "15800319949",
      "description": "",
      "deliver_time": "尽快送达",
      "formatted_created_at": "2017-02-19 16:03",
      "invoice": "",
      "consignee": "徐 女士",
      "is_pindan": 0,
      "pay_method": "在线支付",
      "basket": {
        "pindan_map": [],
        "abandoned_extra": [],
        "extra": [],
        "group": [
          [
            {
              "name": "手榨香柠蜜香红茶-（热杯）",
              "price": 12,
              "quantity": 1,
              "specs": [
                "（热杯）"
              ],
              "new_specs": [],
              "attrs": []
            },
            {
              "name": "手榨香柠茉香绿茶-（热杯）",
              "price": 10,
              "quantity": 1,
              "specs": [
                "（热杯）"
              ],
              "new_specs": [],
              "attrs": []
            },
            {
              "name": "芋见燕麦牛奶可可-中杯 去冰",
              "price": 15,
              "quantity": 1,
              "specs": [
                "中杯 去冰"
              ],
              "new_specs": [],
              "attrs": []
            },
            {
              "name": "珍珠奶茶-（热杯）",
              "price": 10,
              "quantity": 2,
              "specs": [
                "（热杯）"
              ],
              "new_specs": [],
              "attrs": []
            },
            {
              "name": "柚恋柠檬茶-（热杯）",
              "price": 12,
              "quantity": 2,
              "specs": [
                "（热杯）"
              ],
              "new_specs": [],
              "attrs": []
            },
            {
              "name": "柠檬菠萝冻-（中杯）-冰",
              "price": 11,
              "quantity": 1,
              "specs": [
                "（中杯）-冰"
              ],
              "new_specs": [],
              "attrs": []
            },
            {
              "name": "OREO曲奇奶茶-（热杯）",
              "price": 11,
              "quantity": 1,
              "specs": [
                "（热杯）"
              ],
              "new_specs": [],
              "attrs": []
            },
            {
              "name": "OREO曲奇奶茶-（大杯）-冰",
              "price": 14,
              "quantity": 1,
              "specs": [
                "（大杯）-冰"
              ],
              "new_specs": [],
              "attrs": []
            },
            {
              "name": "芋见小芋圆奶茶-大热杯",
              "price": 17,
              "quantity": 9,
              "specs": [],
              "new_specs": [],
              "attrs": []
            },
            {
              "name": "OREO曲奇奶茶-（大杯）-少冰",
              "price": 14,
              "quantity": 1,
              "specs": [
                "（大杯）-少冰"
              ],
              "new_specs": [],
              "attrs": []
            }
          ]
        ],
        "deliver_fee": {
          "category_id": 2,
          "name": "配送费",
          "price": 5,
          "quantity": 1
        }
      },
      "restaurant_phone": "18217097058",
      "is_online_paid": 1,
      "restaurant_mobile": "",
      "is_book": 0,
      "is_new_restaurant": 0
    },
    {
      "id": 1202097246407969872,
      "restaurant_id": 625738,
      "restaurant_name": "快乐柠檬（迪美店）",
      "restaurant_image_hash": "55bf67cc9c994d2b8ddbd4b580e013aepng",
      "total_amount": 289,
      "address": "人民公园南京西路231号",
      "phone": "15800319949",
      "description": "",
      "deliver_time": "尽快送达",
      "formatted_created_at": "2017-02-19 16:03",
      "invoice": "",
      "consignee": "徐 女士",
      "is_pindan": 0,
      "pay_method": "在线支付",
      "basket": {
        "pindan_map": [],
        "abandoned_extra": [],
        "extra": [],
        "group": [
          [
            {
              "name": "手榨香柠蜜香红茶-（热杯）",
              "price": 12,
              "quantity": 1,
              "specs": [
                "（热杯）"
              ],
              "new_specs": [],
              "attrs": []
            },
            {
              "name": "手榨香柠茉香绿茶-（热杯）",
              "price": 10,
              "quantity": 1,
              "specs": [
                "（热杯）"
              ],
              "new_specs": [],
              "attrs": []
            },
            {
              "name": "芋见燕麦牛奶可可-中杯 去冰",
              "price": 15,
              "quantity": 1,
              "specs": [
                "中杯 去冰"
              ],
              "new_specs": [],
              "attrs": []
            },
            {
              "name": "珍珠奶茶-（热杯）",
              "price": 10,
              "quantity": 2,
              "specs": [
                "（热杯）"
              ],
              "new_specs": [],
              "attrs": []
            },
            {
              "name": "柚恋柠檬茶-（热杯）",
              "price": 12,
              "quantity": 2,
              "specs": [
                "（热杯）"
              ],
              "new_specs": [],
              "attrs": []
            },
            {
              "name": "柠檬菠萝冻-（中杯）-冰",
              "price": 11,
              "quantity": 1,
              "specs": [
                "（中杯）-冰"
              ],
              "new_specs": [],
              "attrs": []
            },
            {
              "name": "OREO曲奇奶茶-（热杯）",
              "price": 11,
              "quantity": 1,
              "specs": [
                "（热杯）"
              ],
              "new_specs": [],
              "attrs": []
            },
            {
              "name": "OREO曲奇奶茶-（大杯）-冰",
              "price": 14,
              "quantity": 1,
              "specs": [
                "（大杯）-冰"
              ],
              "new_specs": [],
              "attrs": []
            },
            {
              "name": "芋见小芋圆奶茶-大热杯",
              "price": 17,
              "quantity": 9,
              "specs": [],
              "new_specs": [],
              "attrs": []
            },
            {
              "name": "OREO曲奇奶茶-（大杯）-少冰",
              "price": 14,
              "quantity": 1,
              "specs": [
                "（大杯）-少冰"
              ],
              "new_specs": [],
              "attrs": []
            }
          ]
        ],
        "deliver_fee": {
          "category_id": 2,
          "name": "配送费",
          "price": 5,
          "quantity": 1
        }
      },
      "restaurant_phone": "18217097058",
      "is_online_paid": 1,
      "restaurant_mobile": "",
      "is_book": 0,
      "is_new_restaurant": 0
    }
  ]
}
